,title,thumbnail_url,2022-05-01,2022-05-08,2022-05-15,2022-05-22,2022-05-29
0,【歌ってみた】メルティランドナイトメア【#07】,https://i.ytimg.com/vi/sm4KMKurd8E/mqdefault.jpg,2104.0,2192.0,1972.0,1876.0,2751
1,【歌ってみた】ロボ子、あっかんべーだ　歌ってみた。【オリジナルPV 】,https://i.ytimg.com/vi/e_EqIA6ZWqs/mqdefault.jpg,1478.0,1391.0,1639.0,1577.0,1814
2,レペゼンVTuberラッパーロボ子！【世界クーリッシュ選手権2018】,https://i.ytimg.com/vi/24NBZW9P7_c/mqdefault.jpg,30.0,29.0,28.0,25.0,59
3,【全部美兎】シュガーソングとビターステップ OFF(全部美兎)を…歌ってみた【ロボ子さん】,https://i.ytimg.com/vi/8SRe-pPLaG0/mqdefault.jpg,103.0,103.0,99.0,96.0,162
4,【歌ってみた】ブルーバード【#15】,https://i.ytimg.com/vi/PerzMoTou-k/mqdefault.jpg,3053.0,2838.0,2598.0,2622.0,3392
5,【歌ってみた】夢路らびりんす/うらら迷路帖OP - Short ver -【REALITY】,https://i.ytimg.com/vi/VeWlafLgrMs/mqdefault.jpg,531.0,572.0,582.0,553.0,596
6,【歌ってみた】少年と魔法のロボット【VTuberチャリティーライブ】,https://i.ytimg.com/vi/48DgT4-JYZA/mqdefault.jpg,236.0,278.0,260.0,215.0,276
7,【歌ってみた】創聖のアクエリオン【#17】,https://i.ytimg.com/vi/_8eUrkYNnLY/mqdefault.jpg,21478.0,19460.0,18572.0,17099.0,17521
8,【ロボ子さん×樋口楓】PLATONIC GIRL 【歌ってみた】,https://i.ytimg.com/vi/_cUTVL2Nj6o/mqdefault.jpg,866.0,890.0,819.0,797.0,1053
9,未練レコード【ときのそら × 40mP】歌ってみた/アキロゼcover,https://i.ytimg.com/vi/Tvx2UWi59pQ/mqdefault.jpg,211.0,252.0,245.0,225.0,225
10,【ロボ子さん×樋口楓】Happy Halloween 【歌ってみた】,https://i.ytimg.com/vi/v6u80eYSLvc/mqdefault.jpg,592.0,580.0,611.0,538.0,640
11,【ロボ子さん】メルティランドナイトメア【オリジナルMV】,https://i.ytimg.com/vi/Klsca1OcwH8/mqdefault.jpg,490.0,538.0,535.0,552.0,713
12,【声を枯らして】Just Be Friends -piano.ver- 歌ってみた AZKi【叫んだ】,https://i.ytimg.com/vi/SdgFVX0FsgE/mqdefault.jpg,1419.0,1767.0,1470.0,1577.0,1330
13,【Do you love】Sweet Devil 歌ってみた AZKi【sweet devil?】,https://i.ytimg.com/vi/VAvd842cCYM/mqdefault.jpg,568.0,654.0,757.0,924.0,1008
14,【アニソン】only my railgun 歌ってみた AZKi【初挑戦】,https://i.ytimg.com/vi/O4Oz8Gn6oDY/mqdefault.jpg,772.0,974.0,822.0,805.0,643
15,【ロボ子さん・白上フブキ】嗚呼素晴らしきニャン生【ドーラ・鷹宮リオン】,https://i.ytimg.com/vi/Mb2oMO-SK7w/mqdefault.jpg,450.0,448.0,415.0,482.0,456
16,【ギルティクラウン】My Dearest 歌ってみた AZKi【supercell】,https://i.ytimg.com/vi/lxJ7SXMEPto/mqdefault.jpg,1187.0,1049.0,1010.0,950.0,746
17,【歌ってみた】イヤイヤちゃんのうた【MIXもAZKi】,https://i.ytimg.com/vi/f8F8yNVDUEo/mqdefault.jpg,205.0,242.0,215.0,204.0,214
18,【セブンティーンな】セブンティーナ 歌ってみた AZKi【フォーチュネス】,https://i.ytimg.com/vi/qokrSyGZTiM/mqdefault.jpg,288.0,310.0,293.0,266.0,308
19,【とらドラ！】オレンジ 歌ってみた AZKi【オレンジ】,https://i.ytimg.com/vi/7o_YL35T93w/mqdefault.jpg,2346.0,2165.0,1768.0,1707.0,1575
20,Sweets parade/赤井はあと 【歌ってみた】,https://i.ytimg.com/vi/mKORVdoWU2E/mqdefault.jpg,685.0,674.0,675.0,544.0,690
21,【MMD公開記念】おねがいダーリン 歌ってみた【ロボ子さん】,https://i.ytimg.com/vi/RJwpJIe5FmY/mqdefault.jpg,1802.0,2021.0,1868.0,1751.0,2315
22,【歌ってみた】melty world【#18】,https://i.ytimg.com/vi/9pgap38Os_k/mqdefault.jpg,6436.0,5094.0,6012.0,5703.0,4717
23,【歌ってみた】好き！雪！本気マジック ／夏色まつり,https://i.ytimg.com/vi/nZ-g1pPNfts/mqdefault.jpg,1000.0,1081.0,1129.0,1019.0,1166
24,【ロッテCM曲】VTuber17名で「ベイビーアイラブユーだぜ」をやってみた【ぴろぱる】,https://i.ytimg.com/vi/0yeg4XkzrMI/mqdefault.jpg,380.0,419.0,473.0,478.0,450
25,【歌ってみた】劣等上等【ルピナス&すいせい】,https://i.ytimg.com/vi/X1T9M4F8sKk/mqdefault.jpg,3706.0,3882.0,3704.0,3400.0,4516
26,【1stオリジナルソング】Creating world【開拓するの私の世界】,https://i.ytimg.com/vi/ZkvtKUQp3nM/mqdefault.jpg,821.0,864.0,870.0,752.0,718
27,【キズナアイ】miracle step 歌ってみた AZKi【私達のmiracle step】,https://i.ytimg.com/vi/JHiWqdrWOSQ/mqdefault.jpg,322.0,350.0,372.0,331.0,359
28,【私の進化の】二息歩行 歌ってみた AZKi【1ページ目】,https://i.ytimg.com/vi/aQ6Hir0wlVg/mqdefault.jpg,491.0,509.0,441.0,450.0,451
29,【コレサワ】たばこ 歌ってみた AZKi【JPOP初挑戦！】,https://i.ytimg.com/vi/UnM2_ddXNYk/mqdefault.jpg,715.0,821.0,705.0,710.0,585
30,【ずとまよ】秒針を噛む 歌ってみた AZKi【みんなに教えてもらった】,https://i.ytimg.com/vi/Gni3co__EPI/mqdefault.jpg,431.0,450.0,432.0,377.0,380
31,【ヨルシカ】ただ君に晴れ 歌ってみた AZKi【君のポケットに夜が咲く】,https://i.ytimg.com/vi/_JoXN6LdcDY/mqdefault.jpg,611.0,592.0,531.0,523.0,585
32,【2ndオリジナルソング】リアルメランコリー【私と似てる気持ちの君へ】,https://i.ytimg.com/vi/ad-6W3bazMs/mqdefault.jpg,349.0,356.0,364.0,305.0,352
33,深海少女 #アメノセイ #AZKi 【歌ってみた】,https://i.ytimg.com/vi/6rW_9ldrISM/mqdefault.jpg,246.0,261.0,315.0,323.0,280
34,【花譜】心臓と絡繰 歌ってみた AZKi【この気持ちは全部私のものだ】,https://i.ytimg.com/vi/jKJ5a7gVkH8/mqdefault.jpg,299.0,306.0,298.0,294.0,295
35,【歌ってみた】Shine!!/CINDERELLA PROJECT【#20】,https://i.ytimg.com/vi/WLj0Rg_bcvQ/mqdefault.jpg,5984.0,5260.0,3485.0,3377.0,3697
36,【歌ってみた】お願いダーリン ／夏色まつり,https://i.ytimg.com/vi/kMPx3AHvwtA/mqdefault.jpg,1048.0,1023.0,1239.0,1437.0,1612
37,【バレンタインに】インドア系ならトラックメイカー／湊あくあ【歌ってみた】,https://i.ytimg.com/vi/-aB6MQU8l1s/mqdefault.jpg,46810.0,46411.0,43612.0,47375.0,46288
38,『バレンタイン・キッス』を金髪4人で歌ってみた♡,https://i.ytimg.com/vi/R4PEMkDb418/mqdefault.jpg,596.0,773.0,565.0,560.0,600
39,【オリジナルソング】ミルクティー,https://i.ytimg.com/vi/uqQLrla5pDI/mqdefault.jpg,154.0,155.0,128.0,162.0,153
40,【花譜】糸 歌ってみた AZKi【絡まる意図が濡れて解けなくて】,https://i.ytimg.com/vi/5Pmt9gVmvmM/mqdefault.jpg,339.0,413.0,325.0,321.0,351
41,【マクロスF】ライオン 歌ってみた AZKi&千条アリア【コラボ】,https://i.ytimg.com/vi/JJsSEUk8vxc/mqdefault.jpg,587.0,692.0,529.0,486.0,568
42,【3rdオリジナルソング】フェリシア/AZKi【AZKi WHiTE】,https://i.ytimg.com/vi/JZTVchX8qJs/mqdefault.jpg,1402.0,1974.0,1918.0,1529.0,1100
43,【ロボ子さん】secret base〜君がくれたもの〜【VTuberコンピレーションアルバム「IMAGINATION vol.1」】,https://i.ytimg.com/vi/yU5_w__2FBo/mqdefault.jpg,247.0,236.0,260.0,221.0,285
44,マイネームイズエリート☆ / さくらみこ【オリジナル曲】,https://i.ytimg.com/vi/Y8o4goeVM0o/mqdefault.jpg,3819.0,4114.0,4444.0,4025.0,4309
45,【4thオリジナルソング】I can't control myself/AZKi【AZKi BLaCK】,https://i.ytimg.com/vi/tum7dljV2ts/mqdefault.jpg,1558.0,2478.0,2234.0,2114.0,2109
46,【KOKIA】I believe -海の底から-【cover/Aki Rosenthal】,https://i.ytimg.com/vi/IN0KT2ABM10/mqdefault.jpg,568.0,617.0,643.0,525.0,599
47,【歌ってみた】スイートマジック 【夏色まつり×紫咲シオン】,https://i.ytimg.com/vi/z2pWWKSPofA/mqdefault.jpg,1103.0,1316.0,1402.0,1308.0,1402
48,【AZKi x おさナズ】私、アイドル宣言（cover）【歌ってみた】,https://i.ytimg.com/vi/aREEGF5dXCE/mqdefault.jpg,53.0,69.0,43.0,43.0,46
49,【5thオリジナルソング】ひかりのまち/AZKi【AZKi BLaCK】,https://i.ytimg.com/vi/SKy71bCcOyg/mqdefault.jpg,556.0,624.0,613.0,552.0,568
50,【6thオリジナルソング】Starry Regrets/AZKi【AZKi WHiTE】,https://i.ytimg.com/vi/5QJfWQrdQEY/mqdefault.jpg,2239.0,3235.0,3720.0,3706.0,2608
51,【歌ってみた】乙女解剖／紫咲シオン,https://i.ytimg.com/vi/5X8WDBEc_PE/mqdefault.jpg,5348.0,5550.0,5408.0,7824.0,7048
52,【ピコンピコン】ハートサーモグラフィー 歌ってみた AZKi【周防パトラ】,https://i.ytimg.com/vi/3NgN2CvLgT4/mqdefault.jpg,301.0,318.0,301.0,259.0,323
53,【あいみょん】マリーゴールド 歌ってみた AZKi&星乃めあ【コラボ】,https://i.ytimg.com/vi/4UEQFnENMUw/mqdefault.jpg,691.0,752.0,1032.0,799.0,661
54,【黒AZKi】名も無き囚人 歌ってみた AZKi【初音ミク】,https://i.ytimg.com/vi/hwkAWFw8njM/mqdefault.jpg,327.0,394.0,337.0,299.0,304
55,【#夜空メル】吸血鬼が『ビバハピ』踊って歌ってみた！【ホロライブ】,https://i.ytimg.com/vi/Mmlj3WUBHbc/mqdefault.jpg,1019.0,1250.0,1137.0,1076.0,1053
56,Dream☆Story,https://i.ytimg.com/vi/PiVmPN1FlVc/mqdefault.jpg,2084.0,2104.0,1902.0,1586.0,1761
57,コトバカゼ,https://i.ytimg.com/vi/a8p0l7_h9Ys/mqdefault.jpg,1006.0,1152.0,1408.0,1385.0,1524
58,IMAGE source,https://i.ytimg.com/vi/jFqLvrO3PvM/mqdefault.jpg,715.0,848.0,902.0,964.0,1142
59,おかえり,https://i.ytimg.com/vi/NpXw5EJgc3Q/mqdefault.jpg,429.0,460.0,444.0,453.0,495
60,夢色アスタリスク (Dreaming! ver.),https://i.ytimg.com/vi/x9mxvQC52NM/mqdefault.jpg,586.0,503.0,522.0,613.0,666
61,未練レコード,https://i.ytimg.com/vi/ctkmeD0BfNs/mqdefault.jpg,820.0,873.0,953.0,901.0,949
62,好き、泣いちゃいそうだ,https://i.ytimg.com/vi/ENcxaslU0ws/mqdefault.jpg,870.0,742.0,804.0,812.0,945
63,ヒロイック・ヒロイン,https://i.ytimg.com/vi/SBGrvHpWu3Q/mqdefault.jpg,540.0,557.0,537.0,644.0,683
64,海より深い空の下,https://i.ytimg.com/vi/Rbyv6bw5QU8/mqdefault.jpg,577.0,473.0,417.0,455.0,504
65,ブレンドキャラバン,https://i.ytimg.com/vi/TU9LzGFUugg/mqdefault.jpg,429.0,434.0,451.0,499.0,562
66,メトロナイト,https://i.ytimg.com/vi/rR8Gv4S6n9c/mqdefault.jpg,563.0,481.0,432.0,509.0,456
67,ほしのふるにわ,https://i.ytimg.com/vi/XdXIrYzs9vk/mqdefault.jpg,342.0,410.0,377.0,499.0,482
68,冴えない自分にラブソングを,https://i.ytimg.com/vi/P0GRz9bjPoE/mqdefault.jpg,446.0,435.0,418.0,565.0,530
69,そんな雨の日には,https://i.ytimg.com/vi/0h94NX0l99g/mqdefault.jpg,427.0,373.0,434.0,441.0,408
70,Wandering Days,https://i.ytimg.com/vi/bHkf0lAsqjE/mqdefault.jpg,395.0,404.0,413.0,517.0,478
71,FICTION /ロボ子さん feat. キツネDJ【オリジナル曲】,https://i.ytimg.com/vi/UXuMSLOUhgs/mqdefault.jpg,722.0,976.0,859.0,852.0,1789
72,【コラボ】「BOYS & GIRLS 3.0 feat. ロボ子」 / キツネDJ,https://i.ytimg.com/vi/Wo0LOk4R5Oc/mqdefault.jpg,304.0,271.0,263.0,288.0,631
73,【7thオリジナルソング】Fake.Fake.Fake/AZKi【AZKi BLaCK】,https://i.ytimg.com/vi/lGXgYHlR8ww/mqdefault.jpg,4626.0,4845.0,5098.0,4257.0,4213
74,【8thオリジナルソング】いのち/AZKi【AZKi WHiTE】,https://i.ytimg.com/vi/-VQx0MtsvSQ/mqdefault.jpg,3439.0,3665.0,3326.0,3704.0,3821
75,【ロボ子さん×樋口楓】鬼KYOKAN【歌ってみた】,https://i.ytimg.com/vi/dWOdLydhO-E/mqdefault.jpg,376.0,370.0,379.0,371.0,418
76,【ロボ子さん×樋口楓】一心不乱【歌ってみた】,https://i.ytimg.com/vi/qge-EvTOzsk/mqdefault.jpg,794.0,746.0,805.0,740.0,866
77,【和なAZKi】泡沫夢幻 歌ってみた AZKi【朝ノ瑠璃】,https://i.ytimg.com/vi/mSVb61pOQKA/mqdefault.jpg,320.0,332.0,324.0,278.0,294
78,【ロボ子さん】誕生日に HAPPY BIRTHDAY 【歌ってみた】,https://i.ytimg.com/vi/_txtx7llu50/mqdefault.jpg,315.0,365.0,341.0,316.0,409
79,【9thオリジナルソング】シットデイズ/AZKi【AZKi BLaCK】,https://i.ytimg.com/vi/VriDV2NqXpg/mqdefault.jpg,482.0,489.0,502.0,455.0,488
80,ECHO/赤井はあと【Cover】,https://i.ytimg.com/vi/Z8TnOhIxN90/mqdefault.jpg,11468.0,11691.0,11285.0,10927.0,12790
81,【大切に歌った】ウィアートル 歌ってみた AZKi 【rionos】,https://i.ytimg.com/vi/56OgSRwV-xw/mqdefault.jpg,284.0,358.0,311.0,295.0,292
82,【#夜空メル】吸血鬼が『愛言葉』歌ってみた！【１周年ありがとう】,https://i.ytimg.com/vi/jW4q0w6CCIo/mqdefault.jpg,895.0,1157.0,1211.0,1006.0,1465
83,カタオモイ(Aimer)  /  夏色まつり cover,https://i.ytimg.com/vi/TT6gTs2B1Uw/mqdefault.jpg,21970.0,20075.0,20529.0,18104.0,18350
84,【しっとり】Agape 歌ってみた AZKi & 花鋏キョウ【大切に】,https://i.ytimg.com/vi/Yr0MRX2JP4U/mqdefault.jpg,914.0,911.0,651.0,573.0,700
85,「君の名は。」スパークル/RADWIMPS Cover by大神ミオ【歌ってみた/4K】,https://i.ytimg.com/vi/2l_6oIGTrbg/mqdefault.jpg,62782.0,58247.0,60242.0,58889.0,64977
86,【10thオリジナルソング】さよならヒーロー/AZKi【AZKi BLaCK】,https://i.ytimg.com/vi/bMSPwitZiJs/mqdefault.jpg,769.0,713.0,664.0,634.0,604
87,【11thオリジナルソング】from A to Z/AZKi 先行MV【AZKi WHiTE】,https://i.ytimg.com/vi/f8XFa7eWLoA/mqdefault.jpg,430.0,431.0,486.0,451.0,431
88,【世話やきキツネの仙狐さん】もっふもふ DE よいのじゃよ  TV ver./白上フブキ【歌ってみた】,https://i.ytimg.com/vi/NJSH0McCpwI/mqdefault.jpg,1421.0,1542.0,1523.0,1532.0,1402
89,【カッコイイ】Don't say lazy 歌ってみた AZKi & おさナズ【私たちを見て！！】,https://i.ytimg.com/vi/MIlI_NeWuyo/mqdefault.jpg,594.0,733.0,678.0,514.0,556
90,【ときのそら&ロボ子さん】リモコン【歌ってみた】,https://i.ytimg.com/vi/K7FqZJS-ZwA/mqdefault.jpg,14771.0,16436.0,15357.0,18402.0,17455
91,【VirtuaREAL.00】ハートビート/AZKi【ReD】,https://i.ytimg.com/vi/ZezL7jHGKCA/mqdefault.jpg,900.0,1104.0,1644.0,1480.0,1125
92,┗|∵|┓ 月曜日の憂鬱 / ロボ子さん【歌ってみた】,https://i.ytimg.com/vi/HBV2WaULwEw/mqdefault.jpg,262.0,278.0,284.0,299.0,315
93,【歌ってみた/4K】妄想税/癒月ちょこ【オリジナルMV】,https://i.ytimg.com/vi/n9DqvVNBdVI/mqdefault.jpg,3281.0,3693.0,3333.0,3404.0,3292
94,【オリジナルMV】曼珠沙華／ロボ子さん【歌ってみた】,https://i.ytimg.com/vi/ZshLem1OV7k/mqdefault.jpg,466.0,514.0,525.0,528.0,704
95,【12thオリジナルソング】ERROR/AZKi【AZKi BLaCK】,https://i.ytimg.com/vi/bjLzXSM4yRY/mqdefault.jpg,536.0,531.0,537.0,523.0,527
96,【HoneyWorks】ファンサ／夏色まつり cover,https://i.ytimg.com/vi/xpUQ-5dSJTk/mqdefault.jpg,3528.0,4075.0,4192.0,3641.0,3785
97,【1周年記念】ユキトキ 歌ってみた 【オリジナルMV/4K】さくらみこ cover.,https://i.ytimg.com/vi/z4Md4zHQWJ8/mqdefault.jpg,1192.0,1278.0,1365.0,1308.0,1470
98,【ラブラブで】スキキライ／紫咲シオン×猫又おかゆ【歌ってみた】,https://i.ytimg.com/vi/hTBJMFkchqk/mqdefault.jpg,3008.0,3030.0,2928.0,3404.0,3560
99,【水着で踊る特別版MV】VTuber事務所「ホロライブ」公式曲第1弾『ShinySmilyStory』試聴動画 【 #ホロライブサマー 】,https://i.ytimg.com/vi/RrsGNMMghKM/mqdefault.jpg,4229.0,3955.0,3570.0,3449.0,3915
100,【１周年記念】ダダダダ天使／湊あくあ【歌ってみた】,https://i.ytimg.com/vi/O8v5S1nhKzo/mqdefault.jpg,78225.0,71726.0,72490.0,72397.0,77607
101,【にじさんじ×ホロライブ】『お願いマッスル』/白上フブキ＆舞元啓介【歌ってみた】,https://i.ytimg.com/vi/V8aGtJURz88/mqdefault.jpg,1474.0,1591.0,1366.0,1514.0,1520
102,君の知らない物語(supercell) / 夏色まつり cover【アコギver】,https://i.ytimg.com/vi/0Dr_qvnXJPE/mqdefault.jpg,16595.0,13899.0,15711.0,13146.0,14664
103,夏祭り  / 赤井はあと×夏色まつり【歌ってみた】,https://i.ytimg.com/vi/d71E3pHzibw/mqdefault.jpg,1928.0,2294.0,1953.0,1863.0,1960
104,【17人で合唱】ダンベル何キロ持てる？『お願いマッスル』【歌ってみた】,https://i.ytimg.com/vi/O-SXhtYjprc/mqdefault.jpg,4321.0,3358.0,2999.0,4004.0,4145
105,アカリがやってきたぞっ / 夏色まつり【歌ってみた】,https://i.ytimg.com/vi/C4IATezjOoI/mqdefault.jpg,1210.0,1356.0,1360.0,1407.0,1495
106,【YO!SAY!】HOT LIMIT 歌ってみた AZKi【T.M.Revolution】,https://i.ytimg.com/vi/y39DMzOqsRw/mqdefault.jpg,880.0,922.0,625.0,600.0,629
107,【11thオリジナルソング】from A to Z/AZKi【AZKi WHiTE】,https://i.ytimg.com/vi/vW_lJwhw24c/mqdefault.jpg,623.0,621.0,585.0,605.0,561
108,【2人で】POPP​Y PAPPY​ DAY  歌ってみた【#みっころね24】,https://i.ytimg.com/vi/MkSkQBIhGus/mqdefault.jpg,456.0,449.0,405.0,392.0,394
109,【10万人記念】私、アイドル宣言/赤井はあと【歌ってみた】,https://i.ytimg.com/vi/ENSxJQ1o2ZA/mqdefault.jpg,766.0,791.0,798.0,737.0,800
110,【歌ってみた】スイートマジック 【戌神ころね】,https://i.ytimg.com/vi/OGYu6Kj3bL0/mqdefault.jpg,8120.0,8506.0,6743.0,6426.0,6496
111,マリーゴールド(あいみょん) / 夏色まつり cover,https://i.ytimg.com/vi/hRGU2UEh3Qo/mqdefault.jpg,7820.0,7702.0,8093.0,7427.0,8910
112,惑星ループ / 猫又おかゆ(cover),https://i.ytimg.com/vi/dXUJ0IDdX28/mqdefault.jpg,10466.0,10620.0,10445.0,10201.0,10698
113,【3DMV】君色に染まる 歌って踊ってみた【大神ミオ、ロボ子さん、さくらみこ】,https://i.ytimg.com/vi/yIvcKk4vZ7Y/mqdefault.jpg,2593.0,2616.0,2375.0,2376.0,2575
114,【エモみ全開】あさがおの詩 - AZKi 歌ってみた 【朝ノ瑠璃】,https://i.ytimg.com/vi/G54GXyYwGz0/mqdefault.jpg,290.0,290.0,313.0,245.0,284
115,【SorAZ】 暁の車 歌ってみた AZKi & ときのそら【SEED】,https://i.ytimg.com/vi/h7NE6BoTCIA/mqdefault.jpg,11069.0,11915.0,12867.0,11440.0,9651
116,【1st ALBUM収録曲】嘘嘘嘘嘘 / AZKi【without U】,https://i.ytimg.com/vi/re2rwAWZGjg/mqdefault.jpg,696.0,613.0,445.0,485.0,458
117,【1st ALBUM収録曲】世界は巡り、やがて君のものになる / AZKi【without U】,https://i.ytimg.com/vi/EAQASQOWCX8/mqdefault.jpg,473.0,521.0,476.0,421.0,438
118,【歌ってみた】Mrs.Pumpkinの滑稽な夢／紫咲シオン×猫又おかゆ【ハロウィン】,https://i.ytimg.com/vi/OtpqIXEkMQA/mqdefault.jpg,8043.0,8244.0,8493.0,8759.0,8900
119,【1st ALBUM収録曲】フロンティアローカス / AZKi【without U】,https://i.ytimg.com/vi/D_CJMc8flY8/mqdefault.jpg,461.0,471.0,471.0,441.0,434
120,【1st ALBUM収録曲】ちいさな心が決めたこと / AZKi【without U】,https://i.ytimg.com/vi/M0-MFPxMrqE/mqdefault.jpg,496.0,576.0,1027.0,527.0,465
121,【プロメア】superfly「覚醒」/ 星街すいせい(Cover),https://i.ytimg.com/vi/dPTeBvVJ_xY/mqdefault.jpg,49177.0,51118.0,52664.0,44252.0,52930
122,【VTuber28人合唱】Vital-バイタル-【オリジナル曲】,https://i.ytimg.com/vi/BMBK0qEtPTw/mqdefault.jpg,254.0,246.0,273.0,277.0,231
123,【歌ってみた】〇〇〇〇〇/癒月ちょこ【オリジナルMV】,https://i.ytimg.com/vi/vmPpfJWxisU/mqdefault.jpg,809.0,939.0,876.0,830.0,855
124,【誕生日に】Ubiquitous dB／湊あくあ【歌ってみた】,https://i.ytimg.com/vi/0fTmEfBvp50/mqdefault.jpg,14882.0,14850.0,15976.0,14923.0,14092
125,心做し / 夏色まつり cover【オリジナルPV/4K】,https://i.ytimg.com/vi/MNcnT8wBcdw/mqdefault.jpg,14763.0,15306.0,16495.0,13780.0,16499
126,【1st ALBUM収録曲】without U / AZKi 【1st ALBUM収録曲】,https://i.ytimg.com/vi/ofdfaM11NIw/mqdefault.jpg,807.0,1413.0,1787.0,1097.0,741
127,『１３日の金曜日！』ハム＆ナゴwithフブキ【オリジナル即興ソング】,https://i.ytimg.com/vi/21AyxKg3-2M/mqdefault.jpg,904.0,979.0,1151.0,842.0,802
128,【1st ALBUM収録曲】Midnight Song / AZKi【without U】,https://i.ytimg.com/vi/oGMzDHvrsq0/mqdefault.jpg,516.0,551.0,587.0,510.0,549
129,白日 / King Gnu (Covered by 夏色まつり&律可),https://i.ytimg.com/vi/j84IEsVYGyE/mqdefault.jpg,18698.0,19787.0,19909.0,22296.0,21841
130,【ときのそら/さくらみこ/夜空メル】blessing コラボ歌ってみた【ロボ子さん/大空スバル/AZKi】,https://i.ytimg.com/vi/G9SWOk2J6aw/mqdefault.jpg,21065.0,18595.0,16165.0,14956.0,13511
131,kawaii ASMR music 360°VR MV『Nekoze Punch!!』 朝ですよ～！【kAmP/アキロゼ】,https://i.ytimg.com/vi/8fqjcg2uRYs/mqdefault.jpg,912.0,1081.0,782.0,843.0,924
132,【back number】クリスマスソング /3DオリジナルMVアキロゼ【歌ってみた】,https://i.ytimg.com/vi/FZ_Ncg2Ho6M/mqdefault.jpg,548.0,560.0,534.0,450.0,538
133,Guilty kiss「コワレヤスキ」/ 出雲霞×星街すいせい×堰代ミコ【歌ってみた】,https://i.ytimg.com/vi/_PpTrPbRg0U/mqdefault.jpg,2078.0,1912.0,1727.0,2410.0,2374
134,【アニメ？】しんでしまうとはなさけない！歌ってみた【夏色まつり×百鬼あやめ / ホロライブ】,https://i.ytimg.com/vi/kUxl0rkmD08/mqdefault.jpg,2239.0,2304.0,2040.0,2129.0,2191
135,【#Vsevendeadlysins】KILLER B 【歌ってみた】,https://i.ytimg.com/vi/rz_MrXeJ4bc/mqdefault.jpg,1551.0,1567.0,1589.0,1629.0,1709
136,【新衣装で】DECO*27 - 愛言葉Ⅲ feat. 初音ミク/covered by さくらみこ【4K/歌ってみた】,https://i.ytimg.com/vi/IZWuK1ljlS0/mqdefault.jpg,9296.0,9374.0,10331.0,9934.0,13049
137,ビターチョコデコレーション／ 白上フブキ,https://i.ytimg.com/vi/V6RROopwuOg/mqdefault.jpg,14093.0,15039.0,14628.0,14588.0,14925
138,【 1/24 #とまらないホロライブ 版MV】『Shiny Smily Story』試聴動画,https://i.ytimg.com/vi/68KV7JnrvDo/mqdefault.jpg,27940.0,30143.0,28686.0,29239.0,32740
139,ガヴリールドロップキック / covered by 犬山たまき×神楽めあ×湊あくあ×白上フブキ,https://i.ytimg.com/vi/m1mbRCgWO90/mqdefault.jpg,1610.0,1743.0,1607.0,1717.0,1746
140,【1st ALBUM収録曲】自己アレルギー / AZKi【without U】,https://i.ytimg.com/vi/HJ6zQ3oQMCQ/mqdefault.jpg,499.0,480.0,514.0,494.0,460
141,ゴーストルール／天音かなた(Cover),https://i.ytimg.com/vi/FzwYKoKN_KE/mqdefault.jpg,25310.0,26194.0,27733.0,32913.0,35237
142,【ガチ恋】どぅーまいべすと！歌ってみた！【ぢろ】,https://i.ytimg.com/vi/qrZtEACCwIU/mqdefault.jpg,14135.0,16160.0,14062.0,13930.0,13699
143,【英語ver.】千本桜／黒うさP・初音ミク【歌ってみた】(covered by 赤井はあと),https://i.ytimg.com/vi/QLCcomFf8Yc/mqdefault.jpg,1287.0,1399.0,1330.0,1252.0,1457
144,【1st ALBUM収録曲】のんびりと、/ AZKi【without U】,https://i.ytimg.com/vi/7W2oVgMpmzs/mqdefault.jpg,371.0,357.0,391.0,347.0,359
145,Say!ファンファーレ!/白上フブキ【オリジナル曲】,https://i.ytimg.com/vi/pFgUluV_00s/mqdefault.jpg,61234.0,58832.0,56459.0,57257.0,58853
146,【歌ってみた】エイリアンエイリアン【出雲霞×星街すいせい×堰代ミコ】,https://i.ytimg.com/vi/qcQ9k7A5TDM/mqdefault.jpg,2428.0,2551.0,2466.0,2281.0,3051
147,【1st ALBUM収録曲】Reflection/ AZKi【without U】,https://i.ytimg.com/vi/9ct9lb2zgZ4/mqdefault.jpg,434.0,426.0,460.0,416.0,403
148,【ゆるキャン△EDver】ふゆびより/白上フブキ【歌ってみた】,https://i.ytimg.com/vi/gRr4fDVpw2c/mqdefault.jpg,1636.0,1479.0,1469.0,1383.0,1436
149,【1st ALBUM収録曲】虹を駆け抜けて / AZKi【without U】,https://i.ytimg.com/vi/8zbO3ftH3ls/mqdefault.jpg,436.0,446.0,467.0,431.0,393
150,【1st ALBUM収録曲】コトノハ / AZKi【without U】,https://i.ytimg.com/vi/TiY6dP4djQA/mqdefault.jpg,516.0,944.0,1213.0,958.0,563
151,【全部僕の声で】ソーラン節【天音かなた/ホロライブ4期生】,https://i.ytimg.com/vi/b3jcNR2_PF4/mqdefault.jpg,2547.0,2810.0,2532.0,2568.0,2511
152,【兎田ぺこら/さくらみこ】バレンタイン・キッス　歌ってみた【宝鐘マリン/夏色まつり】,https://i.ytimg.com/vi/9nD7aQ_cKAM/mqdefault.jpg,2609.0,2670.0,2425.0,2483.0,2460
153,鈍感彼氏/白上フブキ【カバーソング】,https://i.ytimg.com/vi/ltUNmsplViI/mqdefault.jpg,660.0,713.0,608.0,606.0,636
154,【Vtuber６人で】バレンタイン・キッス 歌ってみた 【日ノ隈らん / あにまーれ】,https://i.ytimg.com/vi/LlwxRcUFNV8/mqdefault.jpg,535.0,575.0,500.0,456.0,492
155,kawaii ASMR music『Chocolate Pandemic』キミの元に出荷します????【kAmP/アキロゼ（ホロライブ）】,https://i.ytimg.com/vi/8c7ZHCnQKDQ/mqdefault.jpg,487.0,642.0,611.0,582.0,571
156,【みんなに届いて】命に嫌われている。 歌ってみた AZKi【カンザキイオリ】,https://i.ytimg.com/vi/vC-MsZVgx80/mqdefault.jpg,1876.0,2406.0,3283.0,3884.0,3849
157,ウミユリ海底譚 / 猫又おかゆ(cover),https://i.ytimg.com/vi/0scxODT68X4/mqdefault.jpg,51116.0,47672.0,48795.0,46914.0,49039
158,恋愛裁判　Ver.戌神ころね,https://i.ytimg.com/vi/G49bAinM6Lc/mqdefault.jpg,29109.0,28470.0,25814.0,22476.0,21496
159,【My Loving収録】刹那ティックコード【ときのそら/AZKi】,https://i.ytimg.com/vi/tiTnyZ5QLao/mqdefault.jpg,805.0,794.0,714.0,1162.0,823
160,【歌ってみた】神のまにまに【出雲霞×星街すいせい×堰代ミコ】,https://i.ytimg.com/vi/bE2oZdUH_ps/mqdefault.jpg,3132.0,2914.0,2961.0,2913.0,4369
161,メランコリック-wataAme remix-／角巻わため(Cover),https://i.ytimg.com/vi/i6woCvMq5Xg/mqdefault.jpg,6276.0,7650.0,8469.0,8073.0,7899
162,刹那ティックコード,https://i.ytimg.com/vi/gUTehR_sCG0/mqdefault.jpg,1611.0,1899.0,1904.0,2917.0,2531
163,サヨナラブロッサム,https://i.ytimg.com/vi/9BTqE6r4-N8/mqdefault.jpg,820.0,828.0,885.0,1055.0,1016
164,Wonderland,https://i.ytimg.com/vi/YWUyB1PupIc/mqdefault.jpg,1207.0,1435.0,1215.0,1417.0,1699
165,Equation of Love,https://i.ytimg.com/vi/irPvyFjTZyA/mqdefault.jpg,846.0,736.0,707.0,862.0,836
166,ゆっくり走れば風は吹く,https://i.ytimg.com/vi/uhdsIrVpCHg/mqdefault.jpg,505.0,694.0,584.0,724.0,758
167,フレーフレーLOVE,https://i.ytimg.com/vi/dCkYVk-adow/mqdefault.jpg,619.0,604.0,660.0,786.0,736
168,【あなたはあなただから】スーパーヒーロー 歌ってみた AZKi【Guiano】,https://i.ytimg.com/vi/OC-VqdP1Kow/mqdefault.jpg,2355.0,2580.0,2591.0,2340.0,2673
169,????吸血鬼が「ディスコミュ星人」歌ってみた【ホロライブ/夜空メル】,https://i.ytimg.com/vi/KhrPiFZ4Sm8/mqdefault.jpg,6380.0,7459.0,5770.0,5404.0,4864
170,【絶対聞いたことある】シャイニングスター 歌ってみた AZKi【魔王魂】,https://i.ytimg.com/vi/JuM6WQhdl8A/mqdefault.jpg,1997.0,2212.0,1993.0,1816.0,1798
171,【オリジナルソング】黒鉄の守り人 / AZKi【ジンキ・リザレクションEDテーマ】,https://i.ytimg.com/vi/P2yeYNI1H2M/mqdefault.jpg,737.0,558.0,612.0,585.0,470
172,サクラカゼ / さくらみこ【オリジナル曲】,https://i.ytimg.com/vi/X9zw0QF12Kc/mqdefault.jpg,14405.0,14442.0,15372.0,14610.0,15066
173,白日 / King Gnu (covered by 紫咲シオン)【歌ってみた/4K】,https://i.ytimg.com/vi/NO66dNMwmbU/mqdefault.jpg,11397.0,10057.0,11203.0,11619.0,11114
174,【ホロライブ】魔界組5人で「Crazy ∞ nighT」歌ってみた☆,https://i.ytimg.com/vi/ix3WUx25xII/mqdefault.jpg,2837.0,2836.0,2757.0,2755.0,2603
175,【オリジナルソング】Eternity Bright / AZKi 【2020.3.31リリース】,https://i.ytimg.com/vi/zcc_O2UtZBI/mqdefault.jpg,523.0,622.0,560.0,631.0,709
176,【一周年記念】ヒャダインのじょーじょーゆーじょー / おかころ【歌ってみた】,https://i.ytimg.com/vi/MiuFIzr8bR0/mqdefault.jpg,24663.0,23279.0,22979.0,22282.0,24706
177,????吸血鬼が「気まぐれロマンティック」歌ってみた【ホロライブ/夜空メル】,https://i.ytimg.com/vi/G9VbKTpaff0/mqdefault.jpg,1402.0,1639.0,1536.0,1479.0,1572
178,brilliant/常闇トワ(cover),https://i.ytimg.com/vi/2D0B3wTjE20/mqdefault.jpg,11212.0,10540.0,9614.0,9468.0,11113
179,ディスコミュ星人/兎田ぺこら(cover),https://i.ytimg.com/vi/AAr2lHZLNyU/mqdefault.jpg,102434.0,98090.0,113589.0,109715.0,124337
180,【おちゃめ機能】ホロライブが吹っ切れた【24人で歌ってみた】,https://i.ytimg.com/vi/9kQ2GtvDV3s/mqdefault.jpg,130005.0,137113.0,125190.0,127247.0,128035
181,乙女解剖 / 猫又おかゆ(cover),https://i.ytimg.com/vi/kP08-jP1-7Y/mqdefault.jpg,24056.0,25214.0,23023.0,25161.0,28652
182,【オリジナルソング】光 / AZKi 【2020.4.15リリース】,https://i.ytimg.com/vi/yT2h4nrfMME/mqdefault.jpg,491.0,561.0,493.0,449.0,493
183,馬と鹿 - 米津玄師／天音かなた(Cover),https://i.ytimg.com/vi/tGXZNHNhI0I/mqdefault.jpg,18990.0,19095.0,20824.0,20507.0,21585
184,Preserved Roses / T.M.Revolution×水樹奈々(Covered by 夏色まつり&律可),https://i.ytimg.com/vi/1KyLE_Ejf-U/mqdefault.jpg,5178.0,7241.0,5683.0,7348.0,7040
185,【チヤホヤして！！】ヒロイン育成計画 歌ってみた AZKi【HoneyWorks】,https://i.ytimg.com/vi/MRfcZ4teUeE/mqdefault.jpg,409.0,422.0,360.0,290.0,308
186,バブルラブ／角巻わため(Cover),https://i.ytimg.com/vi/2I3oQIF6UaU/mqdefault.jpg,2286.0,2057.0,2064.0,1900.0,2070
187,歌｜カントリーロード /K’s piano arrange ver｜ロボ子さん,https://i.ytimg.com/vi/7Rh61nlWVyo/mqdefault.jpg,320.0,296.0,325.0,291.0,371
188,【オリジナルソング】猫ならばいける / AZKi【にゃにゃにゃにゃ】,https://i.ytimg.com/vi/TnQgSAaGhVc/mqdefault.jpg,560.0,629.0,633.0,514.0,598
189,点描の唄 / Mrs. GREEN APPLE feat.井上苑子  covered by 律可×ロボ子さん,https://i.ytimg.com/vi/TSZ9RlU6EXk/mqdefault.jpg,1170.0,1276.0,1264.0,1095.0,1394
190,【Cover Sing】Coca Cola【Moona Hoshinova】,https://i.ytimg.com/vi/4-wpqxD7Az8/mqdefault.jpg,759.0,640.0,736.0,779.0,734
191,社畜の歌/original song ロボ子さんfeat.K's,https://i.ytimg.com/vi/ETckHHfH7EI/mqdefault.jpg,508.0,585.0,627.0,573.0,677
192,DADDY ! DADDY ! DO !  / 鈴木雅之 feat. 鈴木愛理  (Covered by 律可&夏色まつり),https://i.ytimg.com/vi/Z-q5aJm0UJE/mqdefault.jpg,4628.0,5463.0,7197.0,8490.0,6605
193,Alien Alien / エイリアンエイリアン Cover by Airani Iofifteen / イオフィ,https://i.ytimg.com/vi/jaf_SBcDhFU/mqdefault.jpg,1844.0,1752.0,1808.0,1588.0,1931
194,【何度でも開拓するよ】Creating world 2020ver. / AZKi【みんなと一緒に】,https://i.ytimg.com/vi/aqRIPFT-EUw/mqdefault.jpg,445.0,505.0,468.0,404.0,437
195,【感情】人間だった 歌ってみた AZKi【I Was Human】,https://i.ytimg.com/vi/B5MvnVOfaBc/mqdefault.jpg,666.0,737.0,714.0,524.0,488
196,【誕生日に】バーモント・キッス/相対性理論 (K's Remix) - feat. ロボ子さん【歌ってみた】,https://i.ytimg.com/vi/uc7I72C1giU/mqdefault.jpg,1315.0,1257.0,1173.0,1219.0,1546
197,【ゾンビランドサガ】フランシュシュ「佐賀事変」/ 星街すいせい with ホロライブファンタジー(Cover),https://i.ytimg.com/vi/-wNSFmqhQsU/mqdefault.jpg,84203.0,84145.0,79745.0,78661.0,90490
198,【BGM】NEW OP /ロボ子さんで音MAD【ループ推奨】,https://i.ytimg.com/vi/Wmd1lt4uO_I/mqdefault.jpg,503.0,544.0,624.0,543.0,910
199,【オリジナルソング】Intersection / AZKi【Can't stop love with you】,https://i.ytimg.com/vi/fad_0eQIlVo/mqdefault.jpg,1101.0,1458.0,2417.0,1913.0,1403
200,【COVER】Again / Beverly【Moona Hoshinova】,https://i.ytimg.com/vi/aOMWaZb0VRo/mqdefault.jpg,2352.0,1497.0,1699.0,1340.0,1324
201,【1人2役】獣ゆく細道／天音かなた(Cover),https://i.ytimg.com/vi/-BI2YFYWnjc/mqdefault.jpg,2037.0,2116.0,2143.0,2567.0,2537
202,Synchronicity III: Requiem of the Endless World || Aoi Sora × @Moona Hoshinova hololive-ID,https://i.ytimg.com/vi/W0_iSvXdM6c/mqdefault.jpg,1039.0,653.0,684.0,635.0,562
203,深夜のお歌配信！,https://i.ytimg.com/vi/NEOhVJrhPro/mqdefault.jpg,273.0,296.0,341.0,274.0,284
204,Colorful World  / 夏色まつりcover ( 1cho.ver ),https://i.ytimg.com/vi/phGUYXm1e_I/mqdefault.jpg,761.0,675.0,628.0,623.0,683
205,StaRt/Mrs. GREEN APPLE：白上フブキ(1Chorus),https://i.ytimg.com/vi/R_gGlLTA3VM/mqdefault.jpg,10557.0,10442.0,10185.0,10738.0,11655
206,【みんなにありがとう????】愛言葉Ⅲ／不知火フレア cover【歌ってみた】,https://i.ytimg.com/vi/n8Z7mUOGEAE/mqdefault.jpg,4841.0,4420.0,4256.0,4557.0,5624
207,【オリジナルソング】Take me to Heaven / AZKi【連れて行って、あのメロディへ】,https://i.ytimg.com/vi/wzygAKsIqk0/mqdefault.jpg,865.0,900.0,838.0,822.0,818
208,君と眺める夏の花 / 夏色まつり【オリジナル曲】,https://i.ytimg.com/vi/llv_1-WEQGg/mqdefault.jpg,3499.0,3709.0,3512.0,3395.0,3424
209,【うたみた】恋の魔法【ホロライブ/大空スバル】,https://i.ytimg.com/vi/t-Y-UnC2HQo/mqdefault.jpg,13440.0,13572.0,12310.0,11962.0,11649
210,「ぼくの夢、メチャクソ無限湧き」ARuFa / 夏色まつりcover,https://i.ytimg.com/vi/MZm_Xy2zJq8/mqdefault.jpg,1173.0,1280.0,1031.0,1026.0,1156
211,黒い羊/常闇トワ(cover),https://i.ytimg.com/vi/ZQ3gmQzpvBM/mqdefault.jpg,10233.0,8882.0,8711.0,9318.0,9147
212,シャンパーニュ・デイ / 星街すいせい(cover),https://i.ytimg.com/vi/HkMXq08WlJo/mqdefault.jpg,3959.0,3703.0,3636.0,3729.0,4481
213,【3DMV】シャルイース /Aki Rosenthal【ホロライブ|民族調オリジナル】,https://i.ytimg.com/vi/Ii7rtNaGlls/mqdefault.jpg,4797.0,6406.0,5830.0,5101.0,6348
214,Ochame Kinou - hololive Indonesia (Cover),https://i.ytimg.com/vi/uf9YfzyLG2Q/mqdefault.jpg,3517.0,3687.0,3903.0,4384.0,4158
215,【Original MemeSong】KSZK song【Moona Hoshinova】,https://i.ytimg.com/vi/N_1xVr7wp6Q/mqdefault.jpg,365.0,371.0,308.0,369.0,413
216,【5人で】Alice in N.Y.【歌ってみた/ホロALICE】,https://i.ytimg.com/vi/Ur0K2WA67jw/mqdefault.jpg,31278.0,29686.0,26283.0,24938.0,28659
217,ボッカデラベリタ/ covered by ロボ子さん,https://i.ytimg.com/vi/c25iBKPN6w4/mqdefault.jpg,1655.0,1776.0,1675.0,1509.0,1991
218,【オリジナルソング】青い夢 / AZKi【でも、逃げないよ。夢だから】,https://i.ytimg.com/vi/Ro-7kxRHCdg/mqdefault.jpg,593.0,665.0,559.0,490.0,510
219,ハロハロナリヤンス音頭 / 戌神ころね(cover),https://i.ytimg.com/vi/saizawXi4i0/mqdefault.jpg,1812.0,1612.0,1355.0,1354.0,1528
220,太陽が似合うよ / Taiyou ga Niau yo | Airani Iofifteen Cover 「歌ってみた」,https://i.ytimg.com/vi/Q4-h-IdOqLs/mqdefault.jpg,289.0,328.0,338.0,283.0,323
221,【朝ノ瑠璃×星街すいせい】アライブファクター／如月千早(今井麻美)＆最上静香(田所あずさ)【アイドルマスター ミリオンライブ！ 蒼の系譜】,https://i.ytimg.com/vi/a9EZ2KFTbYM/mqdefault.jpg,4729.0,4221.0,4001.0,3644.0,4807
222,-ERROR/常闇トワ(cover),https://i.ytimg.com/vi/3UV8OZj2olg/mqdefault.jpg,86796.0,87249.0,94180.0,90088.0,104880
223,夜に駆ける / Covered by 紫咲シオン【YOASOBI】,https://i.ytimg.com/vi/4X-eZH87BTw/mqdefault.jpg,11558.0,11289.0,11659.0,12945.0,12390
224,【original】Ahoy!! 我ら宝鐘海賊団☆【ホロライブ/宝鐘マリン】,https://i.ytimg.com/vi/e7VK3pne8N4/mqdefault.jpg,103643.0,93567.0,63566.0,57971.0,67625
225,D/Zeal「餞の鳥」 / ときのそら × 星街すいせい(Cover),https://i.ytimg.com/vi/5yDNEmcKQFY/mqdefault.jpg,7835.0,7016.0,6626.0,6311.0,9259
226,【ロボ子さん】アザミナ/VTuberオリジナル楽曲アルバム第3弾「VirtuaREAL.02」,https://i.ytimg.com/vi/7h7NuUAd7yg/mqdefault.jpg,1167.0,4229.0,1990.0,2994.0,27667
227,【２周年記念】ワンルームシュガーライフ／湊あくあ【歌ってみた】,https://i.ytimg.com/vi/UXUn_ZqeM4Q/mqdefault.jpg,10848.0,10462.0,9949.0,10161.0,10222
228,【アカペラ】夜に駆けるFUBUKI,https://i.ytimg.com/vi/gekKWg0yoOE/mqdefault.jpg,477.0,475.0,429.0,327.0,311
229,【歌ってみた】好き！雪！本気マジック,https://i.ytimg.com/vi/JSOXoNVTy0g/mqdefault.jpg,1701.0,1602.0,1622.0,1999.0,1799
230,【おちゃめ機能】ほろふぁいぶが吹っ切れた【5人で歌ってみた】,https://i.ytimg.com/vi/IixAr5W3TIc/mqdefault.jpg,5607.0,6220.0,5938.0,6360.0,6535
231,HOLOGRAM CIRCUS - 尾丸ポルカ (short ver.),https://i.ytimg.com/vi/d0oDMXWMs8o/mqdefault.jpg,1118.0,1358.0,1315.0,1295.0,1299
232,【歌ってみた】MOON PRIDE / ももいろクローバーZ【朝ノ瑠璃×戌亥とこ×白上フブキ×樋口楓×宝鐘マリン】美少女戦士セーラームーンCrystal OPテーマ / SailorMoon,https://i.ytimg.com/vi/axZ9LYMvrPo/mqdefault.jpg,8891.0,8668.0,7827.0,7985.0,9727
233,【公式OP】「アイキス２」OPムービー【Vo.さくらみこ、宝鐘マリン、AZKi】,https://i.ytimg.com/vi/k12oVF-o528/mqdefault.jpg,1187.0,1170.0,1050.0,950.0,964
234,flos / 猫又おかゆ (Cover),https://i.ytimg.com/vi/4muYzftomAE/mqdefault.jpg,61131.0,62940.0,67497.0,62953.0,73357
235,【SorAZの】東京サマーセッション ときのそら & AZKi【夏の思い出】,https://i.ytimg.com/vi/WKmzvtEv9Wc/mqdefault.jpg,737.0,768.0,732.0,668.0,672
236,【アイキス２ED曲】さくらんぼキッス ～爆発だも〜ん～【Vo.宝鐘マリン】,https://i.ytimg.com/vi/oWm6PV3CqCA/mqdefault.jpg,919.0,861.0,688.0,700.0,673
237,chocolate box／角巻わため×天音かなた(Cover),https://i.ytimg.com/vi/TyILqS4nF3M/mqdefault.jpg,4364.0,4100.0,3653.0,3703.0,4048
238,マイオドレ！舞舞タイム 【ときのそら＆さくらみこ×maimai でらっくす Splash 】MV,https://i.ytimg.com/vi/ITPpK7GXoEc/mqdefault.jpg,2337.0,1854.0,1834.0,1880.0,1819
239,【DECO*27 】乙女解剖 / AZKi【歌ってみた】,https://i.ytimg.com/vi/daAc1qj5DDY/mqdefault.jpg,1036.0,1086.0,1062.0,1278.0,1053
240,【東方Vocal/アニメPV】人間が大好きなこわれた妖怪の唄【ホロライブ/宝鐘マリン】,https://i.ytimg.com/vi/HbfVsscUMaU/mqdefault.jpg,1657.0,1658.0,1391.0,1352.0,1374
241,"[ORIGINAL SONG]  失礼しますが、RIP♡ || “Excuse My Rudeness, But Could You Please RIP?” - Calliope Mori",https://i.ytimg.com/vi/5y3xh8gs24c/mqdefault.jpg,145287.0,154108.0,150767.0,157585.0,160965
242,[Original Rap] ReaperかRapper? 自己紹介ラップ - Calliope Mori #holoMyth #hololiveEnglish,https://i.ytimg.com/vi/vz7JIBvAFqM/mqdefault.jpg,4793.0,4443.0,3974.0,4639.0,4450
243,[Original Rap] DEAD BEATS - Calliope Mori #holoMyth #hololiveEnglish,https://i.ytimg.com/vi/6ydgEipkUEU/mqdefault.jpg,62907.0,63591.0,60798.0,62625.0,65789
244,楓 / スピッツ (Covered by 夏色まつり&律可),https://i.ytimg.com/vi/-wV0AH0u8ik/mqdefault.jpg,3784.0,3382.0,3089.0,3319.0,3827
245,[Original Song] Live Again - Calliope Mori #holoMyth #hololiveEnglish,https://i.ytimg.com/vi/h-LOlueKCtk/mqdefault.jpg,36038.0,39296.0,37295.0,38718.0,39267
246,[1.Chorus:アカペラ]君の虜になってしまえばきっと…/summertime　cinnamons × evening cinema,https://i.ytimg.com/vi/gAzvqsE81xA/mqdefault.jpg,547.0,485.0,466.0,391.0,321
247,【80万人晩酌】歌って呑んでお祝いだ～！【みんなに感謝】,https://i.ytimg.com/vi/ivaf58kTVxc/mqdefault.jpg,107.0,139.0,120.0,139.0,117
248,小悪魔的に『 KING 』歌ってみた/ covered by ロボ子さん,https://i.ytimg.com/vi/fY1CQ5kSRxY/mqdefault.jpg,5211.0,5721.0,5012.0,5069.0,7328
249,三つ葉の結びめ／AZKi & 天音かなた(Cover),https://i.ytimg.com/vi/YcfZziSg0cg/mqdefault.jpg,864.0,866.0,770.0,756.0,896
250,三月のパンタシア-コラージュ『 衛宮さんちの今日のごはんED』Hololive/アキ・ローゼンタール(Cover),https://i.ytimg.com/vi/BmHBJg7_4jE/mqdefault.jpg,805.0,859.0,908.0,815.0,860
251,「はあちゃまっちゃま～」で We will rock you歌ってみた！,https://i.ytimg.com/vi/oyeunIMPYKo/mqdefault.jpg,239.0,252.0,218.0,230.0,231
252,【ふたりだけの歌よ】紅藍クロニクル / SorAZ【AZKi ときのそら】,https://i.ytimg.com/vi/akFLlRmmIpw/mqdefault.jpg,2884.0,3024.0,2886.0,3381.0,2321
253,チューリングラブ /Cover 湊あくあ/猫又おかゆ【ホロライブ】,https://i.ytimg.com/vi/0OtNQEpSeIA/mqdefault.jpg,18914.0,19016.0,19163.0,19565.0,20571
254,"【SorAZ Special Live】紅藍クロニクル / SorAZ (ときのそら,AZKi)【#劇場版SorAZ】",https://i.ytimg.com/vi/6262sH3SrIU/mqdefault.jpg,583.0,511.0,491.0,425.0,408
255,ふわふわ時間 / 猫又おかゆ (Cover),https://i.ytimg.com/vi/PNA-sTiC0Ds/mqdefault.jpg,7598.0,8033.0,8326.0,7608.0,7803
256,ボンバーキングのテーマ/戌神ころね(cover),https://i.ytimg.com/vi/qgeuRSawFaw/mqdefault.jpg,1410.0,1451.0,1561.0,1347.0,1424
257,【アイキス２ED曲】as×sist ~甘えベタな私なりに~【Vo.さくらみこ】,https://i.ytimg.com/vi/LaOo9OxKxPc/mqdefault.jpg,335.0,396.0,332.0,356.0,247
258,【椎名もた】Q  / AZKi【歌ってみた】,https://i.ytimg.com/vi/Xn2hOjDOZ0g/mqdefault.jpg,914.0,1067.0,929.0,730.0,887
259,ワタシノテンシ / 夏色まつり cover【オリジナルPV】,https://i.ytimg.com/vi/JonQ09L2N0U/mqdefault.jpg,1141.0,1119.0,1039.0,1089.0,1120
260,【90万人記念】お休み中のお話とありがとうの歌【ホロライブ/戌神ころね】,https://i.ytimg.com/vi/7U5-eDzWLBY/mqdefault.jpg,68.0,67.0,76.0,84.0,70
261,気まぐれメルシィKimagure Mercy/アキ・ローゼンタール【歌ってみた】,https://i.ytimg.com/vi/MSX8QbJR0eQ/mqdefault.jpg,968.0,1021.0,1092.0,1174.0,1164
262,【IOFI x POCHI-MARU】 Happy Synthesizer / ハッピーシンセサイザ COVER【＃いおぽち】,https://i.ytimg.com/vi/lh5UqNxEbhs/mqdefault.jpg,876.0,804.0,834.0,763.0,772
263,Shiny Smily Story - hololive Indonesia (Cover),https://i.ytimg.com/vi/vpViBoIVrk0/mqdefault.jpg,1508.0,1690.0,1684.0,1681.0,1843
264,「風吹けば恋」short ver. -IMAGINATION vol.3 収録-,https://i.ytimg.com/vi/IpO7fxGw5V8/mqdefault.jpg,256.0,343.0,292.0,274.0,314
265,月曜日の憂鬱 / 夏色まつり cover,https://i.ytimg.com/vi/Pw6X2mocMRQ/mqdefault.jpg,1415.0,1408.0,1422.0,1295.0,1219
266,Step and Go!!,https://i.ytimg.com/vi/A3173J48AbA/mqdefault.jpg,3870.0,3694.0,3697.0,3789.0,4716
267,【アカペラ】白金ディスコ:1Chorus【白上フブキ/ホロライブ】,https://i.ytimg.com/vi/r4yV5Qujcag/mqdefault.jpg,254.0,224.0,217.0,164.0,190
268,Chu-Chu-Lu,https://i.ytimg.com/vi/IRl9SreAhG4/mqdefault.jpg,1916.0,2423.0,2243.0,2309.0,2264
269,青空のシンフォニー,https://i.ytimg.com/vi/JC_FYkbUbAE/mqdefault.jpg,662.0,766.0,773.0,850.0,842
270,ブルーベリームーン,https://i.ytimg.com/vi/G5Y4lDRHDrc/mqdefault.jpg,1437.0,1559.0,1355.0,1535.0,1683
271,空祭り,https://i.ytimg.com/vi/Bqj5DsHNJpE/mqdefault.jpg,710.0,928.0,775.0,925.0,984
272,マイオドレ！舞舞タイム,https://i.ytimg.com/vi/Mxysqo6Tbks/mqdefault.jpg,945.0,982.0,1049.0,1095.0,1066
273,リア/リモシンパサイザー,https://i.ytimg.com/vi/DoecM99tPxw/mqdefault.jpg,616.0,632.0,622.0,682.0,844
274,ぐるぐる・ラブストーリー,https://i.ytimg.com/vi/Bhl2ZJ58LFY/mqdefault.jpg,373.0,396.0,344.0,395.0,483
275,Minato Aqua - For The Win 【湊あくあ/オリジナル曲】,https://i.ytimg.com/vi/CZGFm-O5IOU/mqdefault.jpg,14652.0,12697.0,13659.0,13097.0,14408
276,【アイキス２ED曲】allegretto-そらときみ-【Vo.さくらみこ】,https://i.ytimg.com/vi/YiQq1dHlKCo/mqdefault.jpg,522.0,448.0,478.0,567.0,499
277,Valkyrie「今宵月の館にて」 / 戌亥とこ × 星街すいせい(Cover),https://i.ytimg.com/vi/vhmFj1owmuk/mqdefault.jpg,27010.0,27641.0,21449.0,22983.0,27689
278,【オリジナルハロウィン曲】『今宵はHalloween Night!』ショートMV【夜空メル/紫咲シオン/癒月ちょこ/潤羽るしあ ホロライブ】,https://i.ytimg.com/vi/t1yXDcuwzpY/mqdefault.jpg,3049.0,3233.0,3148.0,2952.0,2996
279,【アカペラ】小さな恋のうた:1Chorus【白上フブキ/ホロライブ】,https://i.ytimg.com/vi/Rpl2x8c5ZoU/mqdefault.jpg,717.0,632.0,666.0,516.0,469
280,【ホロライブ】さぷらいずぱらだいす！【どっきりラビリンス】,https://i.ytimg.com/vi/CrbMV64PmPU/mqdefault.jpg,810.0,865.0,948.0,868.0,929
281,【#あんぽんたん姉妹】Crazy Party Night ～ぱんぷきんの逆襲～【歌ってみた】,https://i.ytimg.com/vi/ue7mFSgBAH0/mqdefault.jpg,478.0,525.0,493.0,487.0,558
282,[ORIGINAL SONG]  Cursed Night - Calliope Mori,https://i.ytimg.com/vi/VYu3PvRPZR8/mqdefault.jpg,12382.0,11272.0,12174.0,12511.0,12649
283,月陽-ツキアカリ-／星街すいせい＆天音かなた(Cover),https://i.ytimg.com/vi/yk51RdzaMUE/mqdefault.jpg,16971.0,16217.0,15371.0,14239.0,18654
284,SoundHorizon「朝までハロウィン」(Cover)/ 角巻わため ×白上フブキ ×不知火フレア【#バカタレ共】,https://i.ytimg.com/vi/6qESBvBUqus/mqdefault.jpg,2268.0,1878.0,1783.0,1787.0,1648
285,【ドMホイホイ】タイトルなんて自分で考えなさいな【Cover/#アキ・ローゼンタール】,https://i.ytimg.com/vi/4t1QBusdAwk/mqdefault.jpg,449.0,446.0,403.0,379.0,403
286,百鬼祭/常闇トワ(cover),https://i.ytimg.com/vi/2o_H09MdT94/mqdefault.jpg,15076.0,15384.0,13480.0,14952.0,20069
287,【COVER】KING - Kanaria【Ayunda Risu】,https://i.ytimg.com/vi/PYzTq7YEPBI/mqdefault.jpg,17436.0,17787.0,17047.0,15840.0,17334
288,【COVER】FIRE BIRD / Roselia【Moona Hoshinova】,https://i.ytimg.com/vi/GQKR0APNFKs/mqdefault.jpg,1990.0,2111.0,1684.0,1619.0,1509
289,【歌ってみた】終端の王と異世界の騎士 〜The Endia & The Knights〜 ／ Sound Horizon【朝ノ瑠璃／戌亥とこ／奏みみ／白上フブキ／ドーラ／富士葵】,https://i.ytimg.com/vi/AW7HXLmSdQA/mqdefault.jpg,7651.0,7638.0,7732.0,8067.0,8369
290,KING／Covered by紫咲シオン【歌ってみた】,https://i.ytimg.com/vi/OXAkx5_A9rE/mqdefault.jpg,16433.0,16841.0,16058.0,17423.0,17030
291,in this world / AZKi 【2nd ALBUM 収録曲】,https://i.ytimg.com/vi/wHMZW_VkBjo/mqdefault.jpg,1135.0,951.0,709.0,545.0,562
292,【#ホロWACCA】『ぺこみこ大戦争！！』フルMV【さくらみこ/兎田ぺこら ホロライブ】,https://i.ytimg.com/vi/uRB1G0cKpIk/mqdefault.jpg,31949.0,34394.0,33150.0,28771.0,30691
293,歌うよ～！,https://i.ytimg.com/vi/AJCDeNxNmNo/mqdefault.jpg,189.0,252.0,175.0,188.0,240
294,Ievan Polkka　ロイちゃま,https://i.ytimg.com/vi/NvOHijJqups/mqdefault.jpg,1388.0,1671.0,1391.0,1438.0,1665
295,【晩酌】夜のしっとり雑談配信！？（すこし歌あるかも）【ホロライブ/戌神ころね】,https://i.ytimg.com/vi/GhToJ0u8FlI/mqdefault.jpg,121.0,150.0,134.0,146.0,148
296,HINOTORI - Takanashi Kiara (Official Music Video),https://i.ytimg.com/vi/eDfMDkgheQY/mqdefault.jpg,19043.0,17599.0,16557.0,17083.0,18493
297,【original】#あくあ色ぱれっと【ホロライブ/湊あくあ】,https://i.ytimg.com/vi/6bnaBnd4kyU/mqdefault.jpg,120375.0,114373.0,116265.0,116125.0,109926
298,発光体ソーラーサイクル / AZKi 【2nd ALBUM 収録曲】,https://i.ytimg.com/vi/6Ks5SWfk-eI/mqdefault.jpg,820.0,882.0,551.0,525.0,605
299,【ローゼンメイデン】聖少女領域/coverd Aki Rosenthal【歌ってみた/4K】,https://i.ytimg.com/vi/3y5-Fl2ExIA/mqdefault.jpg,1068.0,1267.0,1392.0,1323.0,1485
300,"John Denver - Take Me Home, Country Roads (Cover by Akaihaato)",https://i.ytimg.com/vi/mB2hfFe3geg/mqdefault.jpg,537.0,530.0,508.0,460.0,604
301,【Original Song】Gate Open: START! - Pavolia Reine (short ver.),https://i.ytimg.com/vi/onhGlvuvl0U/mqdefault.jpg,2598.0,2111.0,2066.0,1973.0,2093
302,恋愛サーキュレーション-  Renai Circulation-／角巻わため(Cover),https://i.ytimg.com/vi/L7MvA9i7byQ/mqdefault.jpg,1828.0,1935.0,1858.0,1750.0,2114
303,おこちゃま戦争／Covered by紫咲シオン＆湊あくあ【歌ってみた/4K】,https://i.ytimg.com/vi/SoSuMVviNaU/mqdefault.jpg,22484.0,21049.0,16708.0,17626.0,16075
304,HAACHAMA HORROR SONG,https://i.ytimg.com/vi/IGmnlol_7Xk/mqdefault.jpg,207.0,254.0,238.0,264.0,335
305,HAACHAMA COOKING SONG♪,https://i.ytimg.com/vi/IT186xDTwUU/mqdefault.jpg,3191.0,3639.0,3495.0,4026.0,4779
306,【LIVE前夜祭】しばきあげ歌枠パンチング☆,https://i.ytimg.com/vi/oikyA7Mwm-Y/mqdefault.jpg,94.0,114.0,102.0,118.0,97
307,"【オリジナル曲】『BLUE CLAPPER』試聴動画 【雪花ラミィ, 桃鈴ねね, 獅白ぼたん, 尾丸ポルカ】",https://i.ytimg.com/vi/3qkXc6zheig/mqdefault.jpg,4828.0,4693.0,4750.0,4726.0,4479
308,ボッカデラベリタ/常闇トワ(cover),https://i.ytimg.com/vi/64kI2BWRd2g/mqdefault.jpg,25154.0,23398.0,22408.0,23669.0,26586
309,【歌ってみた】だから僕は音楽を辞めた / ヨルシカ【不知火フレア(Cover)】,https://i.ytimg.com/vi/EBj7JZiyR-s/mqdefault.jpg,11185.0,11731.0,12222.0,10795.0,10611
310,【歌わせて】ライブおつかれさまと、みんなにありがとう【ホロライブ/戌神ころね】,https://i.ytimg.com/vi/zWKBKKwyVrk/mqdefault.jpg,91.0,139.0,106.0,123.0,112
311,さくら色ハイテンション！ / さくらみこ【オリジナル曲】,https://i.ytimg.com/vi/HiLnCY9qjSo/mqdefault.jpg,2034.0,1883.0,2097.0,1879.0,2016
312,失楽ペトリ / 猫又おかゆ(cover),https://i.ytimg.com/vi/9PYi1080Q7k/mqdefault.jpg,37198.0,36644.0,40567.0,43613.0,41666
313,fine「Holy Angel's Carol」/ 戌亥とこ × 星街すいせい(Cover),https://i.ytimg.com/vi/m-demdSHuYI/mqdefault.jpg,6891.0,8391.0,8076.0,7795.0,8443
314,【ORIGINAL SONG+MV】HOLOGRAM CIRCUS - Omaru Polka【尾丸ポルカ/ホロライブ】,https://i.ytimg.com/vi/LQ_eazT56FA/mqdefault.jpg,24651.0,22369.0,22480.0,23070.0,18328
315,【歌ってみた】チューリングラブ feat.Sou / ナナヲアカリ【星街すいせい&響木アオ】,https://i.ytimg.com/vi/-omKAd_sbFo/mqdefault.jpg,7412.0,7885.0,8030.0,9013.0,11447
316,曇天羊／角巻わため feat.Calliope Mori【original】,https://i.ytimg.com/vi/DGun2cWbPEM/mqdefault.jpg,11566.0,11218.0,10546.0,10765.0,11351
317,"【オリジナル曲】『百花繚乱花吹雪』試聴動画 【白上フブキ, 百鬼あやめ, 大神ミオ】",https://i.ytimg.com/vi/K84w0Iai40k/mqdefault.jpg,1749.0,1679.0,1383.0,1223.0,1337
318,【COVER】~ Snow Halation ~【Ayunda Risu】,https://i.ytimg.com/vi/uw9SUSvWBN0/mqdefault.jpg,2651.0,2695.0,2830.0,2331.0,2627
319,【Kiara x Calliope】 ワーワーワールド / Wah Wah World【COVER】#TAKAMORI,https://i.ytimg.com/vi/pXD4BbYludc/mqdefault.jpg,9278.0,8937.0,7787.0,7645.0,7526
320,アウトサイダー／天音かなた(Cover),https://i.ytimg.com/vi/8HylJNyMuzU/mqdefault.jpg,12414.0,13362.0,13225.0,14698.0,13925
321,止まない雨 / AZKi 【2nd ALBUM 収録曲】,https://i.ytimg.com/vi/j2z06YUbulk/mqdefault.jpg,836.0,908.0,875.0,698.0,718
322,"【オリジナル曲】『至上主義アドトラック』試聴動画 【夏色まつり, 大神ミオ, 不知火フレア】",https://i.ytimg.com/vi/x1BGG98tcrg/mqdefault.jpg,1287.0,1203.0,1054.0,1016.0,1143
323,ホロライブ言えるかな？ Beyond the Stage ver.【STAGE1＋2 edit】,https://i.ytimg.com/vi/mZ0sJQC8qkE/mqdefault.jpg,61835.0,62449.0,56127.0,55237.0,58407
324,1st Single 【 REDHEART 】,https://i.ytimg.com/vi/A9HY4DsRTCg/mqdefault.jpg,32080.0,34347.0,35846.0,33065.0,35548
325,KING／夏色まつり cover【歌ってみた】,https://i.ytimg.com/vi/f4dJFe4MGcs/mqdefault.jpg,4327.0,4798.0,4346.0,4148.0,4837
326,メンヘラじゃないもん！ - 尾丸ポルカ(cover),https://i.ytimg.com/vi/syhlmTNW_a8/mqdefault.jpg,3058.0,3158.0,4271.0,3784.0,3743
327,SONG DOG,https://i.ytimg.com/vi/po66qVLYg2c/mqdefault.jpg,109.0,137.0,102.0,113.0,90
328,【MV】ぺこらんだむぶれいん！【ホロライブ/兎田ぺこら】,https://i.ytimg.com/vi/_KTwDH_KQ_g/mqdefault.jpg,10676.0,9012.0,8458.0,8697.0,11118
329,【神無月の巫女】agony / AZKi【歌ってみた】,https://i.ytimg.com/vi/f5zAFvFKPEI/mqdefault.jpg,880.0,910.0,780.0,748.0,676
330,【歌ってみた】DADDY ! DADDY ! DO !【Ayunda Risu & 荒咬オウガ】,https://i.ytimg.com/vi/0YX80lIi36w/mqdefault.jpg,2083.0,2317.0,2411.0,2023.0,2240
331,【歌ってみた】チューリングラブ/ナナヲアカリ(1Chorus Cover)【白上フブキ/荒咬オウガ/影山シエン】,https://i.ytimg.com/vi/49hhGHTKHLs/mqdefault.jpg,1254.0,1287.0,1442.0,1273.0,1385
332,Will / 獅白ぼたん(cover),https://i.ytimg.com/vi/o14s6S0k5qw/mqdefault.jpg,3399.0,3572.0,3402.0,3473.0,3387
333,【JOJO】BLOODY STREAM cover / ゆる歌【hololive/宝鐘マリン】,https://i.ytimg.com/vi/JYtt0inzDR4/mqdefault.jpg,12097.0,11511.0,10886.0,12942.0,13251
334,チューリングラブ  / ナナヲアカリ feat. Sou  (Covered by 律可&夏色まつり),https://i.ytimg.com/vi/VbLsb2t1qzI/mqdefault.jpg,1559.0,1898.0,1730.0,1864.0,1683
335,「おとなの掟」　猫又おかゆ・大神ミオ(cover),https://i.ytimg.com/vi/ESM-OniA96w/mqdefault.jpg,10184.0,8832.0,8061.0,7437.0,8388
336,ローテート・リピーテッド / AZKi 【2nd ALBUM 収録曲】,https://i.ytimg.com/vi/dlqAF0aq7XU/mqdefault.jpg,658.0,683.0,707.0,615.0,510
337,ぽっぴっぽー  /　HAACHAMA,https://i.ytimg.com/vi/N0vBDacTJ9k/mqdefault.jpg,417.0,449.0,396.0,402.0,536
338,シド「乱舞のメロディ」 / 星街すいせい(Cover),https://i.ytimg.com/vi/LpkWFnRPd-M/mqdefault.jpg,67175.0,62219.0,62146.0,62532.0,67749
339,【Cover】 KING ／ Pavolia Reine × REDSHiFT Remix,https://i.ytimg.com/vi/LfI8sxSFtuE/mqdefault.jpg,23441.0,24644.0,20857.0,21967.0,23483
340,ルーザーガール - 尾丸ポルカ(cover),https://i.ytimg.com/vi/NdHPnTd2Jd8/mqdefault.jpg,2816.0,2735.0,3001.0,2908.0,3616
341,【歌ってみた】私、アイドル宣言【ホロライブ/桃鈴ねね(cover)】,https://i.ytimg.com/vi/kKqcQADSoIM/mqdefault.jpg,3404.0,7696.0,3483.0,3161.0,3227
342,【BGM】Next_Wednesday 魂音泉/ロボ子cover【ループ用】,https://i.ytimg.com/vi/r3jigPQEz70/mqdefault.jpg,1375.0,1413.0,1440.0,1441.0,2212
343,[ORIGINAL SONG] Off With Their Heads - Calliope Mori,https://i.ytimg.com/vi/_M-6lkoi6L4/mqdefault.jpg,45713.0,43581.0,44044.0,41497.0,44228
344,【歌ってみた】Gimme × Gimme lapix remix / AZKi × Such【八王子P × Giga】,https://i.ytimg.com/vi/bUNMyoks3BQ/mqdefault.jpg,975.0,1121.0,978.0,828.0,816
345,KING/常闇トワ(cover),https://i.ytimg.com/vi/9RBY7u5qas8/mqdefault.jpg,16574.0,16711.0,16123.0,16460.0,39070
346,How You Like That /with @Moona Hoshinova hololive-ID,https://i.ytimg.com/vi/3Zr8H4B3MYM/mqdefault.jpg,1014.0,901.0,907.0,872.0,792
347,【欅坂46】黒い羊 / AZKi & 角巻わため【歌ってみた】,https://i.ytimg.com/vi/6rPdZ7EW98I/mqdefault.jpg,2949.0,2692.0,2249.0,2397.0,2034
348,KING／角巻わため(Cover),https://i.ytimg.com/vi/OR1Epbc_NNE/mqdefault.jpg,8481.0,8880.0,7986.0,7939.0,9206
349,Heart Challenger - Takanashi Kiara (Official Music Video),https://i.ytimg.com/vi/KpSLiHAYe7k/mqdefault.jpg,6966.0,6072.0,5596.0,5471.0,6522
350,Ra*bits「メルティ♡キッチン」 / 戌亥とこ × 星街すいせい(Cover),https://i.ytimg.com/vi/KiUvL-rp1zg/mqdefault.jpg,9888.0,9818.0,9024.0,8663.0,10966
351,【歌ってみた】スイートマジック/Covered by 癒月ちょこ&夜空メル【オリジナルMV/ホロライブ】,https://i.ytimg.com/vi/GegRa9yZUb4/mqdefault.jpg,1587.0,1583.0,1592.0,1569.0,1367
352,【即興オリ曲】こじらせバレンタイン【ホロライブ/白上フブキ】,https://i.ytimg.com/vi/q6pJ3mlYYEY/mqdefault.jpg,554.0,429.0,512.0,344.0,355
353,【バレンタインに】BABYMETAL- ギミチョコ！！- Gimme chocolate!! （cover）東雲めぐ＆メルティキッス（夜空メル＆癒月ちょこ）【歌ってみた】,https://i.ytimg.com/vi/x-g0SeUJxsI/mqdefault.jpg,415.0,487.0,438.0,380.0,420
354,【Original Song】愛の小さな歌 || Ai no Chiisana Uta - Moona Hoshinova,https://i.ytimg.com/vi/q4N7EhUWOAA/mqdefault.jpg,30012.0,27417.0,25558.0,24375.0,23994
355,１人でベイビー・アイラブユー/ covered by ロボ子さん,https://i.ytimg.com/vi/h6pIQx8CKOM/mqdefault.jpg,357.0,340.0,331.0,295.0,399
356,【GEMS COMPANY】いつもココニイル / AZKi 【歌ってみた】,https://i.ytimg.com/vi/rHbTBYxK0O0/mqdefault.jpg,417.0,495.0,421.0,373.0,384
357,エンヴィーベイビー - 尾丸ポルカ(cover),https://i.ytimg.com/vi/UpoysjZfWrU/mqdefault.jpg,51745.0,56206.0,56176.0,59147.0,60568
358,もぐもぐYUMMY！/ 猫又おかゆ,https://i.ytimg.com/vi/j6P_m6adkgc/mqdefault.jpg,52269.0,52496.0,50981.0,50690.0,53210
359,【MV】秒針を噛む／天音かなた(Cover),https://i.ytimg.com/vi/_kT4a8IzM70/mqdefault.jpg,8269.0,8437.0,8553.0,9161.0,9035
360,Gimme吟味virtuaる最高star!!!! feat. さくらみこ・白上フブキ・夏色まつり・宝鐘マリン /sasakure.UK,https://i.ytimg.com/vi/Lhu7zb1hers/mqdefault.jpg,3155.0,3266.0,2904.0,2865.0,3288
361,petal dance / AZKi 【2nd ALBUM 収録曲】,https://i.ytimg.com/vi/u_mKbmoK2dM/mqdefault.jpg,569.0,760.0,634.0,864.0,892
362,Goose house「光るなら」 / 星街すいせい × 蒔田陽丸 × 楓山蓮太郎(Cover),https://i.ytimg.com/vi/68iRzgy6c00/mqdefault.jpg,7204.0,7020.0,7802.0,6061.0,7498
363,KING／不知火フレア(Cover)【歌ってみた】,https://i.ytimg.com/vi/3y8oIuEkqQs/mqdefault.jpg,6508.0,6817.0,6682.0,6283.0,6610
364,Ibasho (Where I Belong) - Calliope Mori,https://i.ytimg.com/vi/VNU2BDdgPZ8/mqdefault.jpg,2562.0,2282.0,2119.0,2353.0,2209
365,運命の在処 / AZKi 【2nd ALBUM 収録曲】,https://i.ytimg.com/vi/G-QUjj0GGlo/mqdefault.jpg,470.0,503.0,478.0,436.0,431
366,うっせぇわ／Covered by紫咲シオン【歌ってみた】,https://i.ytimg.com/vi/5fifnky9v_I/mqdefault.jpg,9701.0,10070.0,9754.0,10137.0,10144
367,【おちゃめ機能】マリン船長が吹っ切れた【ホロライブ/歌ってみた】,https://i.ytimg.com/vi/zpv1HPrSS5U/mqdefault.jpg,10185.0,10276.0,8925.0,10411.0,13618
368,【Original】ヒロインオーディション 3DMV【ホロライブ/アキ・ローゼンタール】,https://i.ytimg.com/vi/eN--w_NA6hs/mqdefault.jpg,1653.0,1778.0,1711.0,1407.0,1597
369,【歌枠】I Love Youtube…please…I want to sing…【ホロライブ/戌神ころね】,https://i.ytimg.com/vi/lFUXNby9svA/mqdefault.jpg,124.0,163.0,162.0,135.0,111
370,【オリジナル曲】　Palette/常闇トワ　【フルMV】,https://i.ytimg.com/vi/Ud73fm4Uoq0/mqdefault.jpg,43888.0,40709.0,40481.0,38312.0,44118
371,【３D全身】３周年記念????泣いて笑って…バラードオンリーライブ-Robot Memory-【ホロライブ/ロボ子さん】,https://i.ytimg.com/vi/QA8KoMko9u8/mqdefault.jpg,87.0,98.0,100.0,98.0,157
372,【Belly Dance Akirose】月と太陽のめぐり【ホロライブ/ #アキロゼ】,https://i.ytimg.com/vi/S6kXAzNbG-4/mqdefault.jpg,649.0,706.0,711.0,653.0,653
373,『歌ってみた』エンヴィーベイビー / Astelleda with Kureiji Ollie,https://i.ytimg.com/vi/0D-tcQjYf28/mqdefault.jpg,9205.0,8009.0,7688.0,8356.0,6479
374,空色デイズ Sorairo Days / 中川翔子 (Covered by 夏色まつり＆Gawr Gura),https://i.ytimg.com/vi/2ys9IS5r9yA/mqdefault.jpg,13567.0,19588.0,14479.0,14251.0,16115
375,【original】​Smile & Go!!【ホロライブ/不知火フレア】,https://i.ytimg.com/vi/G4PT1phuM9M/mqdefault.jpg,3830.0,4237.0,3789.0,3893.0,4350
376,[MV] Red - Calliope Mori #HololiveEnglish #HoloMyth,https://i.ytimg.com/vi/-AuQZrUHjhg/mqdefault.jpg,101823.0,101516.0,100236.0,88148.0,92369
377,id:entity voices - hololive ID [Original Song],https://i.ytimg.com/vi/Wp90CrP-s_8/mqdefault.jpg,16106.0,16856.0,17698.0,18182.0,19453
378,id:entity voices (Japanese Ver.) - hololive ID,https://i.ytimg.com/vi/lA6YSTkywto/mqdefault.jpg,1668.0,1626.0,1462.0,1582.0,1569
379,【COVER】K/DA - VILLAIN【Moona Hoshinova】,https://i.ytimg.com/vi/Jr3Z9qtBk7k/mqdefault.jpg,36213.0,33723.0,33487.0,30967.0,30748
380,【original】ころねの最凶天災☆わんだふぉー❤わーるど【戌神ころね/ホロライブ】,https://i.ytimg.com/vi/nks1I1sY53I/mqdefault.jpg,14775.0,15056.0,16428.0,12774.0,11781
381,【歌ってみた】うっせぇわ【Covered by桃鈴ねね】,https://i.ytimg.com/vi/avbKac24efo/mqdefault.jpg,2045.0,2288.0,2101.0,1933.0,1971
382,うっせぇわ／天音かなた＆常闇トワ(Cover),https://i.ytimg.com/vi/S-VngJTUdmE/mqdefault.jpg,12221.0,11422.0,11036.0,11698.0,12017
383,キャットアイメイク / 猫又おかゆ (Cover),https://i.ytimg.com/vi/gFVC0p4lknw/mqdefault.jpg,19360.0,17685.0,14033.0,15348.0,17547
384,ヴァンパイア／Covered by紫咲シオン【歌ってみた】,https://i.ytimg.com/vi/jso4f52Pl6Y/mqdefault.jpg,16672.0,15537.0,14730.0,15463.0,15412
385,『Bokura No Ashiato』acoustic cover by Takanashi Kiara 【Happy Birthday Huke Papa!】,https://i.ytimg.com/vi/98Yx9TuE09A/mqdefault.jpg,3044.0,2956.0,3301.0,3073.0,3190
386,ヒバナ／天音かなた(Cover),https://i.ytimg.com/vi/USrIMGRBA78/mqdefault.jpg,19264.0,18666.0,16466.0,19314.0,19506
387,【鬱マリン船長】夜な夜な夜な cover【ホロライブ/宝鐘マリン】,https://i.ytimg.com/vi/vFunN0xiZAQ/mqdefault.jpg,4018.0,4285.0,3493.0,3886.0,3348
388,【東山奈央】さよならモラトリアム / AZKi【歌ってみた】,https://i.ytimg.com/vi/hV0dxmUf59U/mqdefault.jpg,629.0,794.0,993.0,889.0,687
389,ガチャガチャへるつ・ふぃぎゅ@ラジオ/不知火フレア(VARK LIVE version）- Cinderella switch ～ふたりでみるホロライブ～ vol.3 より,https://i.ytimg.com/vi/PDj3XaZJeWY/mqdefault.jpg,658.0,655.0,590.0,599.0,634
390,Secret Daybreak / 星街すいせい × カグラナナ【 歌ってみた 】,https://i.ytimg.com/vi/TkcCqYk_V1s/mqdefault.jpg,7318.0,8147.0,7482.0,6991.0,8754
391,【Re：ゼロED】『Stay Alive』ロボ子さん(VARK LIVE version）- Cinderella switch ～ふたりでみるホロライブ～ vol.2 より,https://i.ytimg.com/vi/d2Pz5Y-bwdU/mqdefault.jpg,276.0,265.0,220.0,211.0,337
392,ハロ／ハワユ　／角巻わため(Cover),https://i.ytimg.com/vi/Um7SFkR-fEg/mqdefault.jpg,15447.0,14524.0,13791.0,14453.0,13649
393,【歌ってみた】KING / 百鬼あやめ cover,https://i.ytimg.com/vi/uTO0KnDsVH0/mqdefault.jpg,31711.0,32972.0,31650.0,30918.0,37026
394,【引き籠りが】グッバイ宣言／湊あくあ【歌ってみた】,https://i.ytimg.com/vi/4N_HwrzWCac/mqdefault.jpg,39574.0,37270.0,35648.0,36703.0,41098
395,【SorAZ】君は僕に似ている / AZKi ときのそら【歌ってみた】,https://i.ytimg.com/vi/glbYC6rBn3g/mqdefault.jpg,9621.0,11286.0,10940.0,8719.0,8023
396,【GURAxKIARA】Aikotoba III SONG COVER 【愛言葉III】,https://i.ytimg.com/vi/C5IIoZsci8Y/mqdefault.jpg,19335.0,19406.0,19679.0,19219.0,22195
397,KING / 星街すいせい(Cover),https://i.ytimg.com/vi/mLwtfg57kbs/mqdefault.jpg,124251.0,119437.0,116569.0,112627.0,131430
398,Aqua Cat [Minato Aqua/hololive],https://i.ytimg.com/vi/Snn2gWq-3KY/mqdefault.jpg,4939.0,5221.0,4602.0,4790.0,5202
399,spiral tones / 律可 Mori Calliope【オリジナルMV】,https://i.ytimg.com/vi/5HWCMh1ZmzE/mqdefault.jpg,6728.0,6443.0,5665.0,6112.0,5874
400,【SorAZ】聖少女領域 / ときのそら AZKi【歌ってみた】,https://i.ytimg.com/vi/QM20uZAv6kc/mqdefault.jpg,4116.0,5095.0,6995.0,5929.0,5763
401,【オリジナルMV】Plasmagic Seasons!【ホロライブ1期生】 #from1st,https://i.ytimg.com/vi/VCJTJX1kXe4/mqdefault.jpg,11065.0,10918.0,11250.0,10880.0,12967
402,ヴァンパイア - 尾丸ポルカ(cover),https://i.ytimg.com/vi/Md0TBfwo9rM/mqdefault.jpg,16694.0,17822.0,16925.0,16238.0,15337
403,【ヨルシカ】だから僕は音楽を辞めた / AZKi【歌ってみた】,https://i.ytimg.com/vi/Em1og_6ovoo/mqdefault.jpg,1266.0,1446.0,1228.0,1056.0,1120
404,『ホロライブ・オルタナティブ』 ティザーPV（Fullver）,https://i.ytimg.com/vi/3RxlzJWWzdY/mqdefault.jpg,34616.0,31298.0,28267.0,29612.0,32059
405,【歌ってみた】グッバイ宣言 / 百鬼あやめ cover,https://i.ytimg.com/vi/z1W4c7ym49Y/mqdefault.jpg,180923.0,178613.0,165001.0,171793.0,200106
406,小悪魔的に『 エンヴィーベイビー 』歌ってみた/ covered by ロボ子さん,https://i.ytimg.com/vi/sJZoMJfIpmA/mqdefault.jpg,1497.0,1580.0,1575.0,1543.0,1866
407,アンダーカバー - 尾丸ポルカ(cover/4K),https://i.ytimg.com/vi/W5IVzLi-Rug/mqdefault.jpg,9614.0,10023.0,8609.0,7864.0,8467
408,くらべられっ子 / ツユ (Covered by 夏色まつり),https://i.ytimg.com/vi/Ru7OFsuHa8s/mqdefault.jpg,5740.0,6268.0,6620.0,5898.0,6249
409,【Cover】 うっせぇわ (USSEEWA) ／ Pavolia Reine,https://i.ytimg.com/vi/dYvQcVG_dVg/mqdefault.jpg,5192.0,5088.0,4871.0,4374.0,4722
410,裏方とタレントで『 動く、動く 』歌ってみた/ covered by ロボビタンA,https://i.ytimg.com/vi/yfEUPlRuPac/mqdefault.jpg,2419.0,2454.0,2330.0,2531.0,3516
411,[MV] ロキ / Roki (English Rap Cover) - Calliope Mori,https://i.ytimg.com/vi/8nI1CDsNZI0/mqdefault.jpg,92884.0,89206.0,90010.0,87404.0,84064
412,Original song【 Infinity 】,https://i.ytimg.com/vi/9mj2QJE-UOI/mqdefault.jpg,7962.0,7709.0,8171.0,7777.0,8777
413,【COVER】狂乱 Hey Kids!! (Kyouran Hey Kids!!) - Kureiji Ollie,https://i.ytimg.com/vi/oLOSu6ocgUU/mqdefault.jpg,13992.0,13735.0,12324.0,12375.0,13464
414,ClariS「ナイショの話」白銀ノエル×不知火フレア(Cover)【歌ってみた】,https://i.ytimg.com/vi/YVdA-QCcXYc/mqdefault.jpg,2840.0,3051.0,2743.0,3052.0,3006
415,【復活！ただいまの会】歌うよ～！,https://i.ytimg.com/vi/iYjjKmBok9o/mqdefault.jpg,185.0,220.0,184.0,173.0,205
416,怪物／角巻わため(Cover),https://i.ytimg.com/vi/6K-LSyE1Ywg/mqdefault.jpg,23293.0,22038.0,19061.0,18524.0,19393
417,【Cover】Ochame Kinou - hololive Indonesia (Generasi 2 Ver.),https://i.ytimg.com/vi/eJjz3owWnbU/mqdefault.jpg,4536.0,4693.0,4650.0,4773.0,4586
418,【BGM】NEW ED /ロボ子さんでガチ恋音MAD【ループ推奨】,https://i.ytimg.com/vi/nNwc1af21N0/mqdefault.jpg,118.0,159.0,140.0,160.0,306
419,てんしょうしょうてんしょう/ロボ子さん(Live cover),https://i.ytimg.com/vi/5yLeO2KtgCI/mqdefault.jpg,189.0,207.0,174.0,163.0,329
420,【あてぃし】ヴァンパイア／湊あくあ【歌ってみた】,https://i.ytimg.com/vi/rbPa0Qp3zJQ/mqdefault.jpg,39550.0,36637.0,37574.0,36587.0,37991
421,キュートなカノジョ / 猫又おかゆ( cover ),https://i.ytimg.com/vi/fR2texlVKJo/mqdefault.jpg,15658.0,14724.0,14567.0,14957.0,15801
422,GETCHA! / calliope × suisei(cover),https://i.ytimg.com/vi/EjlMPu5sEgw/mqdefault.jpg,226143.0,207402.0,202232.0,180577.0,195142
423,Sweet Devil / 角巻わため (Cover),https://i.ytimg.com/vi/uBaIR-yvjdk/mqdefault.jpg,2641.0,2557.0,2407.0,2392.0,2188
424,[ORIGINAL] REFLECT - Gawr Gura,https://i.ytimg.com/vi/WGgEFoI9MhE/mqdefault.jpg,42229.0,43447.0,39968.0,37308.0,39569
425,爆笑 - 尾丸ポルカ(cover/4K),https://i.ytimg.com/vi/xfrS_3gRdrg/mqdefault.jpg,12005.0,14399.0,14010.0,13583.0,12879
426,【Goodbye Declaration】Takanashi Kiara Song Cover【グッバイ宣言】,https://i.ytimg.com/vi/DU0IeW9BCzY/mqdefault.jpg,25884.0,26705.0,27068.0,28070.0,31117
427,キセキ結び - ホロライブ4期生,https://i.ytimg.com/vi/k7cpjmkc1Rw/mqdefault.jpg,29013.0,24398.0,21759.0,21017.0,20746
428,太陽になれるかな / ツユ (Covered by 夏色まつり),https://i.ytimg.com/vi/yXUPlFjikr0/mqdefault.jpg,1697.0,1891.0,1949.0,1822.0,1969
429,【オリジナル曲】Weather Hackers☆ / 桐生ココ,https://i.ytimg.com/vi/khRDaLiyGdA/mqdefault.jpg,13156.0,13270.0,13451.0,15594.0,14236
430,ファンサ／桐生ココ cover 【歌ってみた】,https://i.ytimg.com/vi/f_djNpDqm3Q/mqdefault.jpg,12872.0,14124.0,14878.0,14958.0,12618
431,コールボーイ／猫又おかゆ＆天音かなた(Cover),https://i.ytimg.com/vi/sxMUJSK5u4g/mqdefault.jpg,12047.0,11470.0,10169.0,11560.0,13159
432,誇り高きアイドル - 尾丸ポルカ(cover),https://i.ytimg.com/vi/Lx1PNCat-Q0/mqdefault.jpg,11727.0,11744.0,10846.0,10712.0,11616
433,BLACK SHOUT/Roselia【 Coverd by ロボ子さん&アキロゼ】,https://i.ytimg.com/vi/QP-caiSnm2Q/mqdefault.jpg,1852.0,1991.0,1779.0,1639.0,1835
434,Switch「イースター・カーニバル」/ 戌亥とこ × 星街すいせい(Cover),https://i.ytimg.com/vi/edp420amW1s/mqdefault.jpg,5537.0,5445.0,5355.0,5190.0,6772
435,終わりへ向かう始まりの歌　天音かなた(cover),https://i.ytimg.com/vi/5L8eoqaZ6WU/mqdefault.jpg,6066.0,6211.0,5419.0,6211.0,6012
436,【JI BU N WOOOOOO】COLORS cover / ゆる歌【hololive/宝鐘マリン】,https://i.ytimg.com/vi/V_5mwG9M5Eo/mqdefault.jpg,6510.0,7021.0,6453.0,7143.0,6758
437,【100万人記念に】みこちがやってきたぞっ - アカリがやってきたぞっ /  Covered by さくらみこ【歌ってみた】,https://i.ytimg.com/vi/K57XcDsUl6A/mqdefault.jpg,14310.0,18800.0,15936.0,17883.0,20441
438,SORAN BUSHI Remix.ver   AMANE KANATA,https://i.ytimg.com/vi/nK4v-Xjx7mM/mqdefault.jpg,4781.0,6188.0,5506.0,5711.0,5462
439,SPARKS - Takanashi Kiara (Official Music Video),https://i.ytimg.com/vi/Lq9eqHDKJPE/mqdefault.jpg,56972.0,57422.0,57023.0,50762.0,47721
440,p.h. / 猫又おかゆ(cover),https://i.ytimg.com/vi/JqwKeddXPOg/mqdefault.jpg,32303.0,30674.0,26206.0,26978.0,28792
441,【Cover】愛Dee (Ai Dee) / Pavolia Reine × Momosuzu Nene,https://i.ytimg.com/vi/o_xMgw2j9v8/mqdefault.jpg,12964.0,14418.0,12349.0,10111.0,10710
442,アディショナルメモリー／天音かなた(cover),https://i.ytimg.com/vi/0ziNItsX3iQ/mqdefault.jpg,3718.0,3920.0,3549.0,4433.0,4453
443,Caesura of Despair - Animation MV,https://i.ytimg.com/vi/rDyZ3VgjcCE/mqdefault.jpg,6276.0,6711.0,5320.0,5130.0,5509
444,||:Caesura of Despair - First EP Preview video,https://i.ytimg.com/vi/w0sSTxFSAlQ/mqdefault.jpg,702.0,654.0,465.0,417.0,563
445,ジェラシス - 尾丸ポルカ(cover),https://i.ytimg.com/vi/P4uBibShEK0/mqdefault.jpg,2961.0,3096.0,3350.0,3057.0,3282
446,【original】ヨーコソ！Sweet Carnival！【横須賀フェステーマソング】,https://i.ytimg.com/vi/gP8iNSq6Kwc/mqdefault.jpg,7009.0,6912.0,6751.0,6697.0,6854
447,【 IOFI x MOONA 】劣等上等  BRING IT ON  - COVER【＃ioMoona 】,https://i.ytimg.com/vi/nTuz_POqV9c/mqdefault.jpg,7699.0,6864.0,7060.0,6020.0,8248
448,【歌ってみた】Absolute 5 ／ ワルキューレ ‐ Covered by 朝ノ瑠璃/MaiR/星街すいせい/桃鈴ねね/亜玖魔サキ【TVアニメ「マクロスΔ」挿入歌】,https://i.ytimg.com/vi/hiekN5DmNZE/mqdefault.jpg,13221.0,12752.0,12362.0,11737.0,14113
449,【IRyS】いのち(Inochi)/AZKi【COVER】,https://i.ytimg.com/vi/fCf4mFiR--w/mqdefault.jpg,5749.0,6270.0,6816.0,8753.0,13526
450,【3DLIVE】御旗のもとに/宝鐘マリン(VARK LIVE version）- Cinderella switch ～ふたりでみるホロライブ～ vol.1 【ホロライブ】,https://i.ytimg.com/vi/Ebo53CjuQAA/mqdefault.jpg,2759.0,2193.0,1710.0,1543.0,1435
451,【オリジナル曲】HiHiハイテンション!,https://i.ytimg.com/vi/-ivI-Vb920I/mqdefault.jpg,3043.0,3222.0,3072.0,3031.0,3071
452,【COVER】可愛くなりたい [ Kawaiku Naritai ] - HoneyWorks【Moona ft @Pavolia Reine Ch. hololive-ID 】,https://i.ytimg.com/vi/Hya6rBRCd6Y/mqdefault.jpg,1810.0,345.0,300.0,881.0,1955
453,【IRyS】Palette / 常闇トワ【COVER】,https://i.ytimg.com/vi/53rJX52p3G8/mqdefault.jpg,9652.0,11089.0,11366.0,16538.0,20994
454,ルーザーガール / ツユ (Covered by 夏色まつり)【オリジナルMV】,https://i.ytimg.com/vi/dHnFHQSGK3Q/mqdefault.jpg,3093.0,3861.0,3655.0,3675.0,4208
455,少女レイ / 星街すいせい(Cover),https://i.ytimg.com/vi/z9tsfkdgByA/mqdefault.jpg,116854.0,115441.0,109620.0,118774.0,139820
456,コールボーイ 彼方くん.ver,https://i.ytimg.com/vi/bS_qxC5_quM/mqdefault.jpg,4431.0,4149.0,4454.0,4450.0,4139
457,ソーラン節(フル),https://i.ytimg.com/vi/9lpIj8vAJC0/mqdefault.jpg,1610.0,1938.0,2043.0,2177.0,2198
458,【歌ってみた】ミュージックアワーcover / ポルノグラフィティ【ホロライブ/宝鐘マリン】,https://i.ytimg.com/vi/f4B6ydELWQY/mqdefault.jpg,16401.0,14100.0,13749.0,12491.0,12100
459,[MV] Envy Baby (English Cover) - Calliope Mori,https://i.ytimg.com/vi/p4vzp9MCg1w/mqdefault.jpg,36801.0,38669.0,33315.0,31825.0,31354
460,踊／Covered by紫咲シオン【歌ってみた】,https://i.ytimg.com/vi/9S0-GoCSk38/mqdefault.jpg,26200.0,25279.0,22699.0,24342.0,24839
461,【IRyS】GHOST / 星街すいせい【COVER】,https://i.ytimg.com/vi/uzEEffCJOjs/mqdefault.jpg,13069.0,13173.0,18863.0,29577.0,38184
462,【HACHI】光の向こうへ  / AZKi【歌ってみた】,https://i.ytimg.com/vi/0LGn4esfu2M/mqdefault.jpg,3199.0,4518.0,4195.0,3687.0,3355
463,[MV] The Grim Reaper is a Live-Streamer - Calliope Mori #HololiveEnglish #HoloMyth,https://i.ytimg.com/vi/Z5VxUvL_uBo/mqdefault.jpg,38842.0,46979.0,41847.0,41494.0,41458
464,『VIOLET』 - Ninomae Ina'nis,https://i.ytimg.com/vi/8ZdLXELdF9Q/mqdefault.jpg,41920.0,42234.0,43244.0,51234.0,60175
465,【Cover】革命デュアリズム (Kakumei Dualism)【Ayunda Risu & Pavolia Reine -Side A-】,https://i.ytimg.com/vi/Dx-_i0RWwNc/mqdefault.jpg,2636.0,4990.0,3449.0,2329.0,2108
466,【Cover】革命デュアリズム (Kakumei Dualism)【Ayunda Risu & Pavolia Reine -Side B-】,https://i.ytimg.com/vi/euBur-z_lmk/mqdefault.jpg,2169.0,2999.0,2736.0,2134.0,2247
467,【COVER】Turing Love | チューリングラブ【Moona ft Pekora | ムーナ／ぺこら】,https://i.ytimg.com/vi/ZRCzLtCsIQs/mqdefault.jpg,23060.0,22989.0,22048.0,21096.0,22560
468,怪物／不知火フレア(Cover),https://i.ytimg.com/vi/u5r8B1fDB8g/mqdefault.jpg,12841.0,12717.0,11781.0,11911.0,11987
469,ロボティックガール - robocosan cover,https://i.ytimg.com/vi/ydprczRfM48/mqdefault.jpg,910.0,868.0,919.0,905.0,1040
470,【3DLIVE/アンコール】「オツキミリサイタル」歌ってみた???? 【＃不知火フレア2周年記念ライブ】,https://i.ytimg.com/vi/r_3n1KNNigI/mqdefault.jpg,1153.0,1188.0,1139.0,1067.0,1013
471,【歌ってみた】花に亡霊/ 百鬼あやめ cover,https://i.ytimg.com/vi/eGfyyU9qouA/mqdefault.jpg,20145.0,18587.0,17409.0,16590.0,16889
472,【IRyS】 Shiny Smily Story  / hololive IDOL PROJECT 【COVER】,https://i.ytimg.com/vi/mDN9o6GQdm4/mqdefault.jpg,5811.0,5034.0,5597.0,7461.0,7977
473,【original】海想列車／湊あくあ【アニメーションMV】,https://i.ytimg.com/vi/tuWw5EQPGlc/mqdefault.jpg,29048.0,24115.0,23733.0,23392.0,26422
474,【Original Animation MV】Unison【hololive/宝鐘マリン】,https://i.ytimg.com/vi/_VIeV_LZXHM/mqdefault.jpg,95913.0,76822.0,57799.0,47081.0,47194
475,グッバイ宣言 / FloweR full covered by 桃鈴ねね,https://i.ytimg.com/vi/o5lZMlrsdXM/mqdefault.jpg,11637.0,12540.0,10392.0,10346.0,11592
476,Blessing // Covered byねぽらぼ【歌ってみた】,https://i.ytimg.com/vi/cYfUaHljuKg/mqdefault.jpg,70084.0,71750.0,78657.0,83478.0,85422
477,"【 #shorts 】Please, choose me ????【hololive/宝鐘マリン】",https://i.ytimg.com/vi/lJGLjlVZvQo/mqdefault.jpg,12628.0,7841.0,3903.0,3662.0,4126
478,Cry Baby / 星街すいせい(Cover),https://i.ytimg.com/vi/7wbd6ffvXm8/mqdefault.jpg,66467.0,54725.0,59802.0,64794.0,79166
479,Mr.Music /れるりり&ロンチーノ=ペペ full covered by ねぽらぼ,https://i.ytimg.com/vi/063INZy-ZtM/mqdefault.jpg,6791.0,7947.0,8302.0,7239.0,7828
480,モモノネ(Prod. ヒゲドライバー)/桃鈴ねね,https://i.ytimg.com/vi/K35AflEvvc8/mqdefault.jpg,3952.0,4450.0,3962.0,3514.0,4048
481,Lioness’ Pride / 獅白ぼたん【original】,https://i.ytimg.com/vi/npVP58NvdQ8/mqdefault.jpg,14846.0,16841.0,14947.0,16019.0,15101
482,ようこそジャパリパークへ / Covered by ねぽらぼ【歌ってみた】,https://i.ytimg.com/vi/mO0s9WTI-eU/mqdefault.jpg,10843.0,11038.0,10331.0,9946.0,9782
483,【cover】 ギラギラ(Gira Gira)  / Anya Melfissa,https://i.ytimg.com/vi/ZmM5OgXXVA4/mqdefault.jpg,3094.0,2985.0,2960.0,2621.0,2911
484,吸血鬼が歌う-ヴァンパイア-/夜空メル(cover),https://i.ytimg.com/vi/tftbi551s8Q/mqdefault.jpg,8816.0,9628.0,8036.0,7506.0,7947
485,【 #わたフィ】Vampire / ヴァンパイア  - COVER【 Airani iofifteen / Tsunomaki Watame 】,https://i.ytimg.com/vi/pCle6CqymLY/mqdefault.jpg,4096.0,3784.0,3168.0,2733.0,3245
486,【ORIGINAL SONG+MV】ぽ - Omaru Polka【尾丸ポルカ/ホロライブ/4K】,https://i.ytimg.com/vi/TGJ9-1LWFtE/mqdefault.jpg,18772.0,20065.0,18011.0,16106.0,17391
487,SAKURAスキップ／Covered byねぽらぼ（4K）【#ねぽらぼ一周年】,https://i.ytimg.com/vi/gRqv6tQZ3po/mqdefault.jpg,4908.0,5171.0,5025.0,5065.0,4724
488,Virtual Medley Lagu Daerah - hololive ID [Cover],https://i.ytimg.com/vi/lFQW5S_xH1o/mqdefault.jpg,22577.0,24867.0,40205.0,49145.0,56098
489,【original】メイジ・オブ・ヴァイオレット【ホロライブ/紫咲シオン】,https://i.ytimg.com/vi/pMNnZIz6YYM/mqdefault.jpg,85865.0,71637.0,55533.0,64556.0,65714
490,SummerTime / cinnamons × evening cinema(Covered by 夏色まつり&夕刻ロベル),https://i.ytimg.com/vi/Mm8Ej2xG_O8/mqdefault.jpg,2790.0,2795.0,2391.0,2520.0,2446
491,【Original】特者生存ワンダラダー!!／天音かなた,https://i.ytimg.com/vi/mcQs0iQE0bs/mqdefault.jpg,64971.0,64921.0,67113.0,68168.0,67702
492,【Original MV】Howling【ホロライブ/大神ミオ】,https://i.ytimg.com/vi/YPm9T622OX0/mqdefault.jpg,27976.0,24910.0,20909.0,19406.0,20964
493,わんわんわおーん / さしみお feat.スバおか,https://i.ytimg.com/vi/cr9iLdXK9ik/mqdefault.jpg,5135.0,4760.0,3707.0,3929.0,4333
494,【尾丸ポルカ】チューリングラブ 歌ってみた【天神子兎音】,https://i.ytimg.com/vi/oFEChsGiQ6A/mqdefault.jpg,2394.0,2298.0,2235.0,2183.0,2088
495,【尾丸ポルカ】インスタントヘヴン 歌ってみた【天神子兎音】,https://i.ytimg.com/vi/HmiEOSUtIfA/mqdefault.jpg,4321.0,3742.0,4224.0,3969.0,4210
496,"【Blu-ray発売直前】大切フォトグラフ/ hololive IDOL PROJECT【Bloom, ダイジェストMV】",https://i.ytimg.com/vi/08zYuyX3mRo/mqdefault.jpg,3203.0,3331.0,3040.0,2789.0,3030
497,"Vtuber9人で「夏色えがおで1,2,Jump!」歌ってみた！【MaiR/朝ノ瑠璃/AZKi/戌亥とこ/エルセ/かしこまり/奏天まひろ/宗谷いちか/花鋏キョウ】",https://i.ytimg.com/vi/F0hEfm_Bnkg/mqdefault.jpg,1943.0,1884.0,1787.0,1772.0,1834
498,【昼ドラホロライブ】ささくれキネマ【hololive/宝鐘マリン】,https://i.ytimg.com/vi/BKfHokGY-R8/mqdefault.jpg,3795.0,2852.0,2124.0,1959.0,1861
499,[MV] いじめっ子 Bully- Calliope Mori,https://i.ytimg.com/vi/PluDFsVo3z0/mqdefault.jpg,40091.0,48262.0,48853.0,45989.0,50283
500,【ORIGINAL SONG+MV】エヴァーブルー - Omaru Polka【尾丸ポルカ/ホロライブ/4K】,https://i.ytimg.com/vi/vbhgQ_C_jaM/mqdefault.jpg,4819.0,4861.0,5202.0,5369.0,4653
501,My Dearest/ supercell full covered by 桃鈴ねね 天神子兎音,https://i.ytimg.com/vi/alDkHjliogE/mqdefault.jpg,10364.0,8963.0,8957.0,7760.0,9592
502,ねむるまち / 猫又おかゆ(cover),https://i.ytimg.com/vi/WCTiDGl8Di0/mqdefault.jpg,10373.0,10748.0,10544.0,10907.0,10158
503,【Original】花月ノ夢 【hololive/さくらみこ】,https://i.ytimg.com/vi/8ZVrn4lHLqw/mqdefault.jpg,10272.0,13970.0,14349.0,13569.0,14421
504,フロントメモリー／Covered by紫咲シオン【歌ってみた】,https://i.ytimg.com/vi/XN3oe_aAQ40/mqdefault.jpg,8005.0,7658.0,7690.0,9193.0,8518
505,KING / Gawr Gura x Calliope Mori (Cover),https://i.ytimg.com/vi/qNIhngowViI/mqdefault.jpg,265486.0,278424.0,275101.0,270277.0,284400
506,夜のピエロ - 尾丸ポルカ(cover/4K),https://i.ytimg.com/vi/I16cQyBxsKw/mqdefault.jpg,2850.0,3356.0,3444.0,3231.0,3466
507,メンヘラじゃないもん！ /Cover 湊あくあ/紫咲シオン【ホロライブ】,https://i.ytimg.com/vi/j7pM4M9tO70/mqdefault.jpg,7036.0,7441.0,7445.0,7756.0,7457
508,【IRyS】diorama 【1st EP Original Song MV】,https://i.ytimg.com/vi/Lxr3BV-t0Tc/mqdefault.jpg,4295.0,4313.0,4532.0,7293.0,15915
509,【フルアニメーションMV】フェリシア / AZKi【#アニAZ】,https://i.ytimg.com/vi/Lt7KxY8V4jM/mqdefault.jpg,3731.0,4376.0,4058.0,4513.0,3801
510,"【ひぐらしのなく頃に】why,or why not  / AZKi【歌ってみた】",https://i.ytimg.com/vi/7AdZnOhL1Ak/mqdefault.jpg,2670.0,2743.0,2286.0,2047.0,2552
511,ウ”ィ”エ” チ”ャ”マ”,https://i.ytimg.com/vi/mRCfFS0SsCk/mqdefault.jpg,6810.0,7441.0,5043.0,4886.0,6668
512,シーソーゲーム,https://i.ytimg.com/vi/22KzOHuTiAQ/mqdefault.jpg,301.0,285.0,310.0,341.0,331
513,【MV+Full Ver.】 Gate Open: START! - Pavolia Reine (Original Song),https://i.ytimg.com/vi/VFpOBazE3rs/mqdefault.jpg,6285.0,7087.0,8312.0,8121.0,7956
514,シンデレラ - 尾丸ポルカ(cover),https://i.ytimg.com/vi/ACImtqaabpw/mqdefault.jpg,6617.0,7237.0,7024.0,6830.0,6676
515,Crazy:B「Honeycomb Summer」 / 戌亥とこ × 星街すいせい(Cover),https://i.ytimg.com/vi/aWv2KjaFqBA/mqdefault.jpg,30126.0,34253.0,29899.0,25082.0,31150
516,シンデレラ / 湊あくあ(cover),https://i.ytimg.com/vi/uBS7xpLWSNM/mqdefault.jpg,17300.0,17013.0,16221.0,17070.0,16890
517,グッバイ宣言／不知火フレア(Cover),https://i.ytimg.com/vi/Tm28179erkY/mqdefault.jpg,7198.0,7117.0,6477.0,6174.0,6709
518,廻廻奇譚 - 尾丸ポルカ(cover),https://i.ytimg.com/vi/k-q93ccVQqM/mqdefault.jpg,4680.0,4807.0,4575.0,4196.0,4320
519,ぜんぶあんたのせい / 星街すいせい(Cover),https://i.ytimg.com/vi/XfzkyqTPafo/mqdefault.jpg,14726.0,14778.0,14362.0,14116.0,17426
520,メンタルチェンソー／不知火フレア(Cover),https://i.ytimg.com/vi/lUoBNjIWiAc/mqdefault.jpg,23743.0,23270.0,23620.0,23549.0,23258
521,歌う！！singing~♪,https://i.ytimg.com/vi/mrc2uXkJles/mqdefault.jpg,452.0,547.0,562.0,489.0,398
522,????original song 『コトノハ』/ロボ子さん,https://i.ytimg.com/vi/5A_RqpENxvg/mqdefault.jpg,4370.0,4534.0,4260.0,4027.0,5317
523,歌ってみたのうた / Utattemita no Uta  ~ Vtuber World Collaboration 2021 ~【10 Countries / 25 Singers】,https://i.ytimg.com/vi/B_HAwShg1kY/mqdefault.jpg,2244.0,2227.0,2249.0,2032.0,1807
524,最強×最弱ガール / AZKi,https://i.ytimg.com/vi/tlVNXn1wFwo/mqdefault.jpg,1204.0,1843.0,2462.0,1780.0,1816
525,【original】ほめのび【白銀ノエル/ホロライブ】,https://i.ytimg.com/vi/LMYIam2RFkg/mqdefault.jpg,25514.0,27048.0,24287.0,22117.0,21767
526,Hearts/常闇トワ(cover),https://i.ytimg.com/vi/wVfp1NPf928/mqdefault.jpg,16680.0,12261.0,12931.0,13444.0,14782
527,シンデレラ/兎田ぺこら(cover),https://i.ytimg.com/vi/aozNBX2dF6c/mqdefault.jpg,33335.0,29923.0,28790.0,26201.0,25493
528,孤独の宗教 / 猫又おかゆ＆天音かなた (Cover),https://i.ytimg.com/vi/d1SPCBrEYSA/mqdefault.jpg,8165.0,7939.0,8281.0,7878.0,8188
529,シンデレラ/夏色まつり(cover),https://i.ytimg.com/vi/ZGYT1x4bNUo/mqdefault.jpg,4422.0,5226.0,4363.0,4213.0,4083
530,[MV] end of a life - Calliope Mori (Original Song),https://i.ytimg.com/vi/BXB26PzV31k/mqdefault.jpg,151875.0,157186.0,147412.0,141813.0,157219
531,【Cover】 エンヴィーベイビー (Envy Baby) ／ Pavolia Reine,https://i.ytimg.com/vi/4F9jLdTTuT0/mqdefault.jpg,4054.0,3889.0,3603.0,3397.0,3329
532,うまぴょい伝説 /Cover ホロライブ,https://i.ytimg.com/vi/6Wbto57VKWk/mqdefault.jpg,40852.0,54139.0,54183.0,57482.0,50040
533,【Cover】Fly Me to the Star / Omaru Polka × Pavolia Reine,https://i.ytimg.com/vi/s0p7jwJKkzs/mqdefault.jpg,2817.0,3037.0,3055.0,2847.0,2638
534,ビードロ模様 / やなぎなぎ(covered by 犬山たまき×AZKi),https://i.ytimg.com/vi/8jsvz5Bdv7U/mqdefault.jpg,480.0,564.0,480.0,444.0,546
535,【#大空スバル３周年】おまたせ！今日はたのしんでってな～！！！！：SUBARU 3rd anniversary Live【ホロライブ】,https://i.ytimg.com/vi/mhvHZpK-9Ss/mqdefault.jpg,7716.0,8121.0,7650.0,7350.0,7579
536,フォニイ - 尾丸ポルカ(cover),https://i.ytimg.com/vi/zK3Lev1A2NY/mqdefault.jpg,19609.0,15405.0,14266.0,12984.0,11593
537,【MV】HERE COMES HOPE -IRyS【Original Song】,https://i.ytimg.com/vi/-t8Za0T1T8M/mqdefault.jpg,11982.0,11695.0,10898.0,14930.0,23529
538,【original】ChocoLove/癒月ちょこ,https://i.ytimg.com/vi/jlELf83gpBw/mqdefault.jpg,3146.0,3337.0,2978.0,3056.0,3118
539,クリープハイプ/ 栞【鏡見みら/AZKi/朝ノ瑠璃/紡音れい/柚子花/Lamuril】,https://i.ytimg.com/vi/S68M2xaqGGE/mqdefault.jpg,370.0,336.0,259.0,228.0,258
540,daze/じん ft.メイリア from GARNiDELiA//アキ・ローゼンタール(cover),https://i.ytimg.com/vi/T3VxM1ae9uM/mqdefault.jpg,2063.0,2215.0,2035.0,2801.0,2449
541,【MV】マドロミ / 天音かなた・常闇トワ【ディープインサニティ アサイラム ゲーム主題歌】,https://i.ytimg.com/vi/23nEnPOXLEk/mqdefault.jpg,14564.0,14455.0,14065.0,12585.0,13224
542,ファンサ／角巻わため(Cover),https://i.ytimg.com/vi/rzV_EmHIvlo/mqdefault.jpg,13728.0,13701.0,15088.0,13705.0,13280
543,【ID COVER】Saling Merindu by RAN - Kureiji Ollie,https://i.ytimg.com/vi/4IG4BYARwZI/mqdefault.jpg,1809.0,1703.0,1550.0,1531.0,1509
544,｟ 歌って踊ってみた ｠Sweets Parade（ 姫森ルーナ／ホロライブ ）,https://i.ytimg.com/vi/hPQFsU7ichI/mqdefault.jpg,940.0,1041.0,1174.0,1174.0,1116
545,【歌ってみた】「チェリボム」/Covered by癒月ちょこ＆大空スバル＆姫森ルーナ【ホロライブ/オリジナルＭＶ】,https://i.ytimg.com/vi/BAx2GtYGJxs/mqdefault.jpg,5922.0,6247.0,6210.0,6312.0,4747
546,Buatmu Tertawa -あなたの笑顔-  | Airani Iofifteen Cover 「歌ってみた」,https://i.ytimg.com/vi/beSTVUWjDPI/mqdefault.jpg,1125.0,1117.0,983.0,888.0,955
547,ジェヘナ / 猫又おかゆ(cover),https://i.ytimg.com/vi/KRqA47qytz0/mqdefault.jpg,11628.0,13777.0,14683.0,16284.0,16281
548,The Last Frontier / AZKi × 星街すいせい,https://i.ytimg.com/vi/-9wUbw5qevU/mqdefault.jpg,9091.0,11282.0,12320.0,10739.0,13173
549,｟ 歌って踊ってみた ｠fancy baby doll（ 姫森ルーナ／ホロライブ ）,https://i.ytimg.com/vi/hRlcSh3VoA4/mqdefault.jpg,362.0,416.0,332.0,344.0,375
550,【DUET COVER】おこちゃま戦争 (Okochama Sensou) - Kureiji Ollie & Astel Leda,https://i.ytimg.com/vi/pOsqlM_6JcI/mqdefault.jpg,9971.0,9797.0,10097.0,9872.0,9587
551,【original】かぷっとNight☆Sky【ホロライブ/夜空メル】,https://i.ytimg.com/vi/8iin3HQpwSY/mqdefault.jpg,4744.0,5219.0,4514.0,4006.0,3782
552,【コラボ】AZKi×奏みみ／Mrs.Pumpkinの滑稽な夢【ハロウィン】,https://i.ytimg.com/vi/jDoQYN7Axls/mqdefault.jpg,487.0,548.0,655.0,614.0,499
553,【ORIGINAL SONG+MV】Pastel Tea Time - Omaru Polka【尾丸ポルカ/ホロライブ】,https://i.ytimg.com/vi/kdYAZZ5SOFk/mqdefault.jpg,4899.0,3826.0,3185.0,2868.0,2920
554,ClariS「カラフル」不知火フレア(Cover)【歌ってみた】,https://i.ytimg.com/vi/8FGFwc3n0lY/mqdefault.jpg,7571.0,7921.0,6761.0,6867.0,6876
555,Monster - 嵐／OKFAMS cover.,https://i.ytimg.com/vi/cbKfZy5Jpgk/mqdefault.jpg,49724.0,44416.0,39838.0,39873.0,45671
556,【MV】CROWN feat. Mori Calliope / BOOGEY VOXX,https://i.ytimg.com/vi/OSw_0FmjmEE/mqdefault.jpg,7353.0,7601.0,7229.0,7505.0,7634
557,【COVER】THE BADDEST - K/DA【Calli / Moona / Reine / Risu 】,https://i.ytimg.com/vi/8Jz0hUbu1mw/mqdefault.jpg,29062.0,30016.0,28435.0,26987.0,26535
558,《COVER》HAPPY HALLOWEEN - junky || HAKOS BAELZ,https://i.ytimg.com/vi/09xVC-xun_c/mqdefault.jpg,4888.0,4769.0,3986.0,4047.0,3942
559,Vampire (ヴァンパイア) / Takanashi Kiara (cover),https://i.ytimg.com/vi/2x86wabH-Qs/mqdefault.jpg,19898.0,18633.0,16402.0,15586.0,15530
560,[Original MV] Myth or Treat - Happy Halloween - holoMyth,https://i.ytimg.com/vi/VupT9JCJaOY/mqdefault.jpg,35230.0,37688.0,37792.0,38318.0,39561
561,[MV] Graveyard Shift - Calliope Mori ft. BOOGEY VOXX (Original Song),https://i.ytimg.com/vi/TIgcVT4SfGw/mqdefault.jpg,42456.0,46694.0,45588.0,44028.0,46179
562,宵の余、良い！/ 百鬼あやめ original,https://i.ytimg.com/vi/ECkxzFgbJqQ/mqdefault.jpg,77311.0,70783.0,65252.0,62536.0,65513
563,【COVER】~ FLOS ~【Ayunda Risu】,https://i.ytimg.com/vi/QO_RNBWxx94/mqdefault.jpg,5953.0,6120.0,5864.0,4684.0,4847
564,恋の宅配便 / 瀬名航 feat. AZKi【2021年12月22日 EPリリース】,https://i.ytimg.com/vi/hYUBjfxfzIk/mqdefault.jpg,1774.0,1881.0,1924.0,1729.0,1703
565,怪物さん - 尾丸ポルカ&雪花ラミィ(cover/4K),https://i.ytimg.com/vi/6N6kY2_W37k/mqdefault.jpg,11158.0,10834.0,10801.0,11155.0,11129
566,【original】ねねねねねねねね!大爆走【ホロライブ/桃鈴ねね】,https://i.ytimg.com/vi/7P5oggg7aSE/mqdefault.jpg,39083.0,41404.0,39948.0,35660.0,40040
567,ナナワリエネミー / AZKi,https://i.ytimg.com/vi/EpuB_c03dZ0/mqdefault.jpg,1221.0,1295.0,1268.0,1182.0,1114
568,至上主義アドトラック／天音かなた＆桃鈴ねね,https://i.ytimg.com/vi/kK8ajwVjBEI/mqdefault.jpg,9660.0,12011.0,11438.0,11269.0,11603
569,「シンデレラ」不知火フレア(Cover)【歌ってみた】,https://i.ytimg.com/vi/OrecUhOUpbw/mqdefault.jpg,4269.0,4687.0,4027.0,3931.0,4380
570,明日への境界線 // 雪花ラミィ,https://i.ytimg.com/vi/ULtGHb83pTI/mqdefault.jpg,14545.0,13624.0,13026.0,14365.0,13065
571,刹那プラス / 猫又おかゆ(cover),https://i.ytimg.com/vi/TMJAy5_i1JA/mqdefault.jpg,7773.0,8205.0,7467.0,7598.0,8729
572,トンデモワンダーズ - 尾丸ポルカ(cover),https://i.ytimg.com/vi/0DzqJQggP9s/mqdefault.jpg,23403.0,21080.0,19238.0,21510.0,22485
573,HOT LIMIT,https://i.ytimg.com/vi/NuxUU0RO4nY/mqdefault.jpg,13207.0,12278.0,11239.0,11774.0,12848
574,God knows...,https://i.ytimg.com/vi/qy1v9m1FCCg/mqdefault.jpg,7160.0,6983.0,6478.0,6462.0,7356
575,怪物,https://i.ytimg.com/vi/Jo0u34m6HuQ/mqdefault.jpg,4389.0,3477.0,3273.0,3637.0,4130
576,ファンサ,https://i.ytimg.com/vi/yvfKJnuDK7s/mqdefault.jpg,3250.0,3364.0,3547.0,3715.0,4233
577,【MOSAIC.WAV】洗脳・搾取・虎の巻 / AZKi【歌ってみた】,https://i.ytimg.com/vi/wLmMSJXoQ8A/mqdefault.jpg,2037.0,2296.0,1984.0,1622.0,1721
578,ロマンスの神様,https://i.ytimg.com/vi/cDKmDiAwikE/mqdefault.jpg,3246.0,3936.0,3478.0,3519.0,3646
579,嘘,https://i.ytimg.com/vi/cblBnU6UL5Y/mqdefault.jpg,2930.0,3055.0,3269.0,3082.0,3252
580,太陽系デスコ,https://i.ytimg.com/vi/uv6VUiqkDHI/mqdefault.jpg,3180.0,3186.0,3221.0,3353.0,3432
581,MASAYUME CHASING,https://i.ytimg.com/vi/hFlfVwam9sw/mqdefault.jpg,2200.0,2249.0,2563.0,2519.0,2576
582,エイリアンエイリアン,https://i.ytimg.com/vi/NUwMo_epcD8/mqdefault.jpg,2347.0,2305.0,2282.0,2433.0,2649
583,アンドロイドガール,https://i.ytimg.com/vi/zPFxKxo1ZgM/mqdefault.jpg,1404.0,1468.0,1515.0,1598.0,1699
584,赤いスイートピー,https://i.ytimg.com/vi/EULWO7E4w8s/mqdefault.jpg,1125.0,1156.0,1152.0,1217.0,1345
585,KING,https://i.ytimg.com/vi/ihREuw5PKs4/mqdefault.jpg,1566.0,1729.0,1659.0,1676.0,1978
586,Butterfly,https://i.ytimg.com/vi/N1vLs-dZNWw/mqdefault.jpg,1474.0,1394.0,1376.0,1540.0,1495
587,まっさらブルージーンズ,https://i.ytimg.com/vi/6ELw8xouuww/mqdefault.jpg,1504.0,1308.0,1255.0,1339.0,1556
588,この世界で,https://i.ytimg.com/vi/gJ7N2BQUsuY/mqdefault.jpg,2372.0,2152.0,2397.0,2524.0,2571
589,EYE/常闇トワ(cover),https://i.ytimg.com/vi/6uN99OAINAY/mqdefault.jpg,29973.0,28130.0,25857.0,26559.0,27688
590,HINOTORI - Takanashi Kiara【Astrophysics Remix】,https://i.ytimg.com/vi/MfLWYoBdkUE/mqdefault.jpg,2469.0,2228.0,2186.0,2064.0,2851
591,HINOTORI - Takanashi Kiara 【Lone Alpha Remix】,https://i.ytimg.com/vi/-lI8zx_2M8c/mqdefault.jpg,2879.0,2597.0,2627.0,2298.0,1837
592,フォニイ / 星街すいせい(Cover),https://i.ytimg.com/vi/N029UUlH1Dc/mqdefault.jpg,490844.0,478740.0,449151.0,433864.0,483713
593,【cover】 フォニイ(Phony)  / Anya Melfissa,https://i.ytimg.com/vi/mqwRg9ZgANI/mqdefault.jpg,16086.0,14031.0,12204.0,11798.0,12181
594,HINOTORI - Takanashi Kiara 【REDSHiFT Remix】,https://i.ytimg.com/vi/4bikbA1kR7g/mqdefault.jpg,3217.0,2764.0,2673.0,2515.0,2801
595,EYE / 鷹嶺ルイ(cover),https://i.ytimg.com/vi/dkCPkLmU7l4/mqdefault.jpg,22923.0,21403.0,22348.0,21300.0,21050
596,「ヴァンパイア」不知火フレア(Cover)【歌ってみた】,https://i.ytimg.com/vi/vp8HbGYXpNw/mqdefault.jpg,6836.0,7454.0,6335.0,6336.0,5892
597,【MV】ルマ／博衣こより cover【歌ってみた】,https://i.ytimg.com/vi/pmFbqPRFz_8/mqdefault.jpg,44285.0,38229.0,39441.0,39336.0,41866
598,神っぽいな／Covered by紫咲シオン【歌ってみた】,https://i.ytimg.com/vi/LHSLuBt7aB8/mqdefault.jpg,27988.0,24508.0,22056.0,24341.0,22402
599,[MV] USSEEWA (Cover) - Calliope Mori x Milky Queen,https://i.ytimg.com/vi/aWWhjisKKlA/mqdefault.jpg,40854.0,41440.0,42035.0,40914.0,38789
600,【おちゃめ機能】holoXが早速吹っ切れた【ホロライブ6期生で歌ってみた】,https://i.ytimg.com/vi/nCyKjz-ie3c/mqdefault.jpg,18951.0,19836.0,19537.0,19842.0,22819
601,ファイアーエムブレムのテーマ / 戌神ころね（cover）4K,https://i.ytimg.com/vi/7jk8e94Cr7U/mqdefault.jpg,6245.0,5326.0,5035.0,4791.0,4774
602,神っぽいな / ラプラス・ダークネス Cover,https://i.ytimg.com/vi/yTb_AvLchgY/mqdefault.jpg,305560.0,297328.0,275376.0,263575.0,262503
603,【アニメMV】きらきら／湊あくあ,https://i.ytimg.com/vi/fXeM0fXvOp8/mqdefault.jpg,30036.0,28782.0,28243.0,28411.0,28250
604,【フルアニメーションMV】のんびりと、/ AZKi【 #アニAZ 】,https://i.ytimg.com/vi/TlSzfEM5NcQ/mqdefault.jpg,1880.0,2088.0,2838.0,2176.0,1849
605,『旅の途中』  Ninomae Ina'nis (Cover),https://i.ytimg.com/vi/NIv_yYKl9tQ/mqdefault.jpg,27907.0,28239.0,30075.0,43967.0,46223
606,【COVER】SAIKAI | 再会【Moona x Suisei Hoshimachi | ムーナ／星街すいせい】,https://i.ytimg.com/vi/NKQvH78Jv04/mqdefault.jpg,64369.0,59900.0,56954.0,52520.0,56521
607,シル・ヴ・プレジデント／白上フブキ(Cover),https://i.ytimg.com/vi/dPX0_IEXVRo/mqdefault.jpg,38915.0,37534.0,37980.0,38640.0,42956
608,【MV】あの青空のせいだ (Ano Aozora no Sei da) ／ Pavolia Reine【Original Song】,https://i.ytimg.com/vi/dzUfNQaaemk/mqdefault.jpg,3205.0,3455.0,3182.0,2723.0,2950
609,フォニイ／Covered by紫咲シオン【歌ってみた】,https://i.ytimg.com/vi/7TCcgdMfPco/mqdefault.jpg,18366.0,14165.0,13351.0,14425.0,14604
610,シス×ラブ / AZKi×千条アリア【cover】,https://i.ytimg.com/vi/0StSX7bhWDs/mqdefault.jpg,609.0,617.0,474.0,448.0,423
611,「Yona Yona Journey / TAKU INOUE & Mori Calliope」MUSIC VIDEO,https://i.ytimg.com/vi/YO1V9fn7zYo/mqdefault.jpg,25922.0,27398.0,22628.0,23600.0,22238
612,画面の中の君が好き / AZKi,https://i.ytimg.com/vi/7ZAeFUmGx4Y/mqdefault.jpg,4367.0,5064.0,4071.0,4172.0,3865
613,シネマ / 星街すいせい×奏手イヅル×アステル･レダ(Cover),https://i.ytimg.com/vi/UXQDUhSr8nU/mqdefault.jpg,77445.0,74639.0,67074.0,59522.0,69754
614,チチンプイプイ/夏色まつり(cover),https://i.ytimg.com/vi/wtzsiwOTGGA/mqdefault.jpg,8674.0,10721.0,9003.0,9034.0,8977
615,阿修羅ちゃん／天音かなた(cover),https://i.ytimg.com/vi/X8j49duZjwc/mqdefault.jpg,16015.0,15045.0,14362.0,14963.0,15624
616,アニマル / 猫又おかゆ(cover),https://i.ytimg.com/vi/eBjPG7oxqFU/mqdefault.jpg,29260.0,26275.0,24780.0,23850.0,24436
617,シル・ヴ・プレジデント - 尾丸ポルカ(cover),https://i.ytimg.com/vi/j28SJWoSbOY/mqdefault.jpg,6436.0,6715.0,6886.0,5834.0,5548
618,【12/22発売】瀬名航feat AZKi 恋の宅配便 【クロスフェード】,https://i.ytimg.com/vi/6bp8E4juzhY/mqdefault.jpg,265.0,288.0,256.0,239.0,241
619,The Twelve Days of Christmas - hololive English Cover,https://i.ytimg.com/vi/kPyLnwSXqkA/mqdefault.jpg,5980.0,6788.0,5076.0,5826.0,5888
620,【アイドルが】誇り高きアイドル／湊あくあ【歌ってみた】,https://i.ytimg.com/vi/2pYaIr-4pfA/mqdefault.jpg,29537.0,26762.0,26987.0,25385.0,25229
621,フォニイ / 角巻わため(Cover),https://i.ytimg.com/vi/RpiPeAKx3Rc/mqdefault.jpg,19687.0,17538.0,14792.0,13431.0,12117
622,アニマル / 獅白ぼたん(cover),https://i.ytimg.com/vi/SNX6Gck9UIE/mqdefault.jpg,9992.0,9973.0,9282.0,9243.0,8679
623,い〜やい〜やい〜や(Whatever whatever whatever) / Takanashi Kiara & Ninomae Ina'nis (COVER),https://i.ytimg.com/vi/R5yfM_UlucY/mqdefault.jpg,89639.0,87828.0,84362.0,82280.0,86187
624,アニマル／白上フブキ(Cover),https://i.ytimg.com/vi/HxpsO2WeCNw/mqdefault.jpg,20455.0,19631.0,17378.0,16472.0,16429
625,カムパネルラ／天音かなた×しぐれうい(cover),https://i.ytimg.com/vi/Sv3HckLI7kg/mqdefault.jpg,3658.0,4041.0,3775.0,3908.0,4098
626,灰色と青/常闇トワ×星街すいせい(cover),https://i.ytimg.com/vi/0firv69LkgI/mqdefault.jpg,108625.0,89031.0,91449.0,84514.0,96666
627,Kiara Jingle Bell Rock ( Mean Girls ) ft. Kiara Takanashi | Kanauru Collab,https://i.ytimg.com/vi/9x__xN3TUh8/mqdefault.jpg,2119.0,2231.0,1809.0,1503.0,1472
628,『んっあっあっ。』/SLAVE.V-V-R covered by 博衣こより【歌ってみた】,https://i.ytimg.com/vi/R3OxEcOpT0M/mqdefault.jpg,18063.0,17248.0,18577.0,18023.0,18647
629,【original】Choco♡Melty【ホロライブ/癒月ちょこ/夜空メル】,https://i.ytimg.com/vi/QaEW5hhLxuk/mqdefault.jpg,8727.0,8402.0,7047.0,7913.0,8424
630,ライオン (Lion) - May'n 中島愛 // covered by 獅白ぼたん＆雪花ラミィ【歌ってみた】,https://i.ytimg.com/vi/Hl1-8j9OJyo/mqdefault.jpg,45627.0,44742.0,45054.0,49359.0,47121
631,【#ホロクリスマス歌枠リレー】Xmasに届けボクの歌～～✨????✨【ホロライブ/ロボ子さん】,https://i.ytimg.com/vi/_H0wcyOYqBE/mqdefault.jpg,33.0,58.0,57.0,52.0,71
632,Target for Love / Gawr Gura (Blue Archive OST Cover),https://i.ytimg.com/vi/uCfjf3rvTJY/mqdefault.jpg,21775.0,22404.0,23159.0,24594.0,26327
633,「Deck The Halls」Christmas Song Cover by Amelia Watson,https://i.ytimg.com/vi/IT7mfF97m3w/mqdefault.jpg,2119.0,2090.0,2067.0,2281.0,2088
634,【MV】Sparks of Joy / IRyS【Original Song】,https://i.ytimg.com/vi/y2vrlxmOp7U/mqdefault.jpg,5362.0,5149.0,5135.0,9415.0,15345
635,????歌l   歌を思い出したいそんな気分????【ホロライブ/ロボ子さん】,https://i.ytimg.com/vi/8rNFX-kZvQQ/mqdefault.jpg,27.0,25.0,30.0,22.0,68
636,アニマル / 大神ミオ Cover,https://i.ytimg.com/vi/Wl9EcS5As2w/mqdefault.jpg,26129.0,19718.0,16552.0,16287.0,16632
637,【Original Animation MV】天使のagape／天音かなた,https://i.ytimg.com/vi/zREufEpj0zM/mqdefault.jpg,8565.0,8601.0,7306.0,7259.0,6879
638,アカシア・シンドローム／紫咲シオン【GL文庫イメージソング】,https://i.ytimg.com/vi/PxiiB40eTWY/mqdefault.jpg,12004.0,11871.0,10468.0,13567.0,14954
639,私へ　天音かなた(cover),https://i.ytimg.com/vi/_qmAo83zOUg/mqdefault.jpg,4135.0,4031.0,3489.0,3878.0,3704
640,Dawn Blue,https://i.ytimg.com/vi/vz4m-D30SAw/mqdefault.jpg,36349.0,34421.0,32359.0,32407.0,36231
641,ししわたクッキング / 角巻わため×獅白ぼたん【original】,https://i.ytimg.com/vi/fsPSaFbonGo/mqdefault.jpg,12622.0,12344.0,11172.0,11848.0,11730
642,Takanashi Kiara - Sad Sparks ( A Sad Rendition Of SPARKS ),https://i.ytimg.com/vi/I9rvEDBfyaY/mqdefault.jpg,1914.0,1993.0,1876.0,1716.0,2493
643,ラブカ？ / 鷹嶺ルイ(cover),https://i.ytimg.com/vi/7jDkn2TzxJk/mqdefault.jpg,27166.0,25900.0,27258.0,26765.0,25969
644,Ochame Kinou - hololive English Cover,https://i.ytimg.com/vi/uFJHdT_ie9U/mqdefault.jpg,141994.0,138607.0,128232.0,130094.0,143245
645,【オリジナル曲】　FACT/常闇トワ　【フルMV】,https://i.ytimg.com/vi/Zc05le75CfI/mqdefault.jpg,45234.0,41969.0,40754.0,38768.0,44908
646,【MV】 Journey Like a Thousand Years 【hololive English -Myth- Original Song】,https://i.ytimg.com/vi/pKJErsN-ylU/mqdefault.jpg,17631.0,16424.0,15038.0,16099.0,17602
647,ふ･れ･ん･ど･し･た･い / やかまし娘 (cover),https://i.ytimg.com/vi/N_eK0ujrhmY/mqdefault.jpg,11711.0,10456.0,7893.0,7584.0,7606
648,IRyS  2nd EP ｢Journey｣ Trailer,https://i.ytimg.com/vi/-HZ9gAiIoAw/mqdefault.jpg,956.0,797.0,559.0,463.0,561
649,【Original Song】ALiCE&u【Ayunda Risu】,https://i.ytimg.com/vi/IGviVpVE1fA/mqdefault.jpg,35111.0,39019.0,36285.0,28613.0,30541
650,「Original Song」A New Start - MV,https://i.ytimg.com/vi/Py21QCndbxc/mqdefault.jpg,57460.0,53893.0,54857.0,61635.0,60443
651,アニマル / 夜空メル(cover),https://i.ytimg.com/vi/EkAlXnJPVPA/mqdefault.jpg,3936.0,3894.0,3401.0,3073.0,2975
652,【MV】おにけもだんす / いろはにほへっと あやふぶみ【楽曲好評配信中！】,https://i.ytimg.com/vi/4Hg0Nchl3HU/mqdefault.jpg,45157.0,43698.0,38646.0,34328.0,36039
653,【攻殻機動隊】rise / AZKi【歌ってみた】,https://i.ytimg.com/vi/dmzY4R2QLfM/mqdefault.jpg,7111.0,8300.0,7340.0,7178.0,7065
654,シネマ  - 尾丸ポルカ(cover),https://i.ytimg.com/vi/5EuqR0GavMk/mqdefault.jpg,4523.0,6482.0,5852.0,5251.0,4845
655,シル・ヴ・プレジデント／博衣こより Cover【歌ってみた】,https://i.ytimg.com/vi/2ON2ZZHarMw/mqdefault.jpg,15104.0,13994.0,15476.0,13968.0,16376
656,【歌ってみた】神のまにまに/Covered by癒月ちょこ＆大空スバル＆姫森ルーナ【ホロライブ/オリジナルＭＶ】,https://i.ytimg.com/vi/MQ-QnXZR4mc/mqdefault.jpg,19660.0,20255.0,21072.0,19758.0,21015
657,アニマル／Covered by紫咲シオン【歌ってみた】,https://i.ytimg.com/vi/8vZOV32ICAs/mqdefault.jpg,9493.0,8674.0,8679.0,10742.0,9217
658,ひとくち、ちょうだい？ / 瀬名航 feat. AZKi,https://i.ytimg.com/vi/6OHFULja-4s/mqdefault.jpg,1905.0,2034.0,1857.0,1767.0,1657
659,アニマル / miComet(cover),https://i.ytimg.com/vi/9yBLZKFKXyg/mqdefault.jpg,146495.0,144935.0,141613.0,134776.0,141088
660,《COVER》Hontou no Oto - KOKIA || HAKOS BAELZ,https://i.ytimg.com/vi/AAwJ0_uqhb4/mqdefault.jpg,25597.0,25788.0,23361.0,23398.0,27529
661,フォニイ / 鷹嶺ルイ(cover),https://i.ytimg.com/vi/QpWoW36wJII/mqdefault.jpg,15906.0,12807.0,11707.0,10598.0,9433
662,ロウワー / 星街すいせい(cover),https://i.ytimg.com/vi/1KUZHKI-BDk/mqdefault.jpg,135519.0,134391.0,122480.0,116014.0,145729
663,アニマル/沙花叉クロヱ(cover),https://i.ytimg.com/vi/s-wDgxGCj4g/mqdefault.jpg,33616.0,28502.0,26290.0,33942.0,39741
664,白金ディスコ/大神ミオ(cover) -VARK LIVE version,https://i.ytimg.com/vi/X_Z8XP22mMo/mqdefault.jpg,7512.0,5234.0,3722.0,3122.0,3317
665,【フルアニメーションMV】猫ならばいける / AZKi【 #アニAZ 】,https://i.ytimg.com/vi/aINNB2g6cIA/mqdefault.jpg,7657.0,6694.0,5502.0,4845.0,4495
666,【Cover】 シンデレラ (Cinderella) ／ Pavolia Reine,https://i.ytimg.com/vi/o6C7-azdU7I/mqdefault.jpg,4953.0,4532.0,3374.0,2922.0,3040
667,コネクト // 雪花ラミィ(cover) -VARK LIVE version,https://i.ytimg.com/vi/pNdwmpntGMk/mqdefault.jpg,2920.0,2555.0,2542.0,2907.0,2727
668,【ORIGINAL SONG MV】「Q」- Calliope Mori x Gawr Gura x DECO*27,https://i.ytimg.com/vi/aetXqd9B8WE/mqdefault.jpg,369260.0,369678.0,320113.0,301505.0,297800
669,【それが私たちのサガだから】徒花ネクロマンシー／COVER LIVE Ver.【ポルカプロデュース】,https://i.ytimg.com/vi/mFLu8TKDsrk/mqdefault.jpg,11976.0,12383.0,11440.0,11170.0,10986
670,Los!Los!Los! / 獅白ぼたん(cover) -VARK LIVE version,https://i.ytimg.com/vi/pgQ7t90WqQI/mqdefault.jpg,5158.0,4846.0,4948.0,5144.0,5144
671,神っぽいな / 湊あくあ/天音かなた Cover【ホロライブ】,https://i.ytimg.com/vi/E6LWLQjgynE/mqdefault.jpg,42404.0,37221.0,35830.0,32977.0,31697
672,【Original Song MV】Daydream - Ouro Kronii,https://i.ytimg.com/vi/6W749jRBg-4/mqdefault.jpg,32098.0,32293.0,30015.0,32156.0,29375
673,【Kiara x Amelia】Dreamin Chuchu / どりーみんチュチュ SONG COVER,https://i.ytimg.com/vi/vjBZzYN3aAs/mqdefault.jpg,37970.0,37741.0,32890.0,30801.0,27205
674,ビターチョコデコレーション / ラプラス・ダークネス Cover,https://i.ytimg.com/vi/Qls96eA-n6Y/mqdefault.jpg,70096.0,64320.0,61368.0,56304.0,59233
675,心予報 - Eve/Covered by 博衣こより【ホロライブ】,https://i.ytimg.com/vi/4ZRsOI1RCN4/mqdefault.jpg,14998.0,12659.0,13922.0,12265.0,13950
676,【original】SecretClass/癒月ちょこ【ホロライブ】,https://i.ytimg.com/vi/e-mI0HJr3VA/mqdefault.jpg,8736.0,9488.0,8233.0,8378.0,8111
677,トゥインクル / 角巻わため(Cover),https://i.ytimg.com/vi/aWGed8Cqy7g/mqdefault.jpg,6922.0,5635.0,5192.0,4793.0,4723
678,【歌ってみた】夢にエール！パティシエール♪(Yume ni eeru! patishieeru♪) - Kureiji Ollie &がんばるぅ子 (Cover),https://i.ytimg.com/vi/OTEZi88c6dc/mqdefault.jpg,9193.0,10773.0,13208.0,15493.0,14322
679,【Original Song】High Tide - Moona Hoshinova【Animated MV】,https://i.ytimg.com/vi/stmZAThUl64/mqdefault.jpg,138404.0,134947.0,122774.0,114386.0,120257
680,【アニメMV】あいわな／湊あくあ,https://i.ytimg.com/vi/swX1O_a_vAk/mqdefault.jpg,67426.0,60290.0,57977.0,54833.0,57880
681,【cover】 マーシャルマキシマイザー(Marshall Maximizer)  / Anya Melfissa,https://i.ytimg.com/vi/2UP3DO56dh4/mqdefault.jpg,17605.0,15352.0,13503.0,12553.0,12597
682,三原色／不知火フレア(Cover),https://i.ytimg.com/vi/c1M_MllbaBs/mqdefault.jpg,19908.0,19356.0,19784.0,20004.0,19536
683,Fantastic future/大空スバル(cover) -VARK LIVE version,https://i.ytimg.com/vi/b5djTDjlTNM/mqdefault.jpg,2481.0,2481.0,2397.0,2211.0,4037
684,花時の空（はなどきのそら）,https://i.ytimg.com/vi/cWDRKNLFBmc/mqdefault.jpg,2178.0,2253.0,2221.0,2239.0,2196
685,KumoHurray!,https://i.ytimg.com/vi/4IRmpJmoefA/mqdefault.jpg,801.0,841.0,772.0,1013.0,1032
686,デタバレネコ / 猫又おかゆ,https://i.ytimg.com/vi/_3wLBFyS5qU/mqdefault.jpg,13036.0,12920.0,12390.0,11830.0,12086
687,アニマル - 尾丸ポルカ(cover),https://i.ytimg.com/vi/fGnwsd9cM-4/mqdefault.jpg,14424.0,14384.0,12770.0,12034.0,11222
688,【HoloCouncil】 Hikaru Nara / 光るなら COVER,https://i.ytimg.com/vi/U-9M-BjFYMc/mqdefault.jpg,29980.0,27816.0,27596.0,26599.0,26960
689,フラジール／天音かなた(cover),https://i.ytimg.com/vi/4N3smY1pKgo/mqdefault.jpg,33995.0,30245.0,26604.0,27116.0,27222
690,【MV】Love Me Love Me ／ Pavolia Reine【Original Song】,https://i.ytimg.com/vi/MxwV963ZNEU/mqdefault.jpg,18055.0,19262.0,14443.0,13908.0,13333
691,【オリジナル】人生リセットボタンぽちーｗ【沙花叉クロヱ/ホロライブ】,https://i.ytimg.com/vi/IxOjRtMv3Cg/mqdefault.jpg,18464.0,20175.0,14861.0,21477.0,20805
692,【MV】See the world / IRyS【Original Song】,https://i.ytimg.com/vi/bhkfm1dX7BM/mqdefault.jpg,14661.0,13824.0,13872.0,17080.0,19631
693,【ORIGINAL MV】PLAY DICE! || HAKOS BAELZ,https://i.ytimg.com/vi/na6bysYNuS0/mqdefault.jpg,118822.0,152611.0,120567.0,109523.0,105305
694,MIRA / 鷹嶺ルイ(cover),https://i.ytimg.com/vi/zDBDb3T728c/mqdefault.jpg,25241.0,21308.0,19025.0,17796.0,16427
695,夜もすがら君想ふ / 夏色まつり cover,https://i.ytimg.com/vi/XnbxAaIJHfI/mqdefault.jpg,15342.0,14676.0,14278.0,13906.0,13026
696,【＃ロボ子4周年記念LIVE 】４周年３D IDOL LIVE????cuteにcoolに楽しんでIKZ???? 【3D LIVE】,https://i.ytimg.com/vi/Lw3sBpkC3Rw/mqdefault.jpg,1199.0,1179.0,936.0,1003.0,5314
697,アイデンティティ / 猫又おかゆ＆鷹嶺ルイ(cover),https://i.ytimg.com/vi/yOsls1Swb_o/mqdefault.jpg,92590.0,103265.0,110416.0,112934.0,110938
698,【IRyS】アイデンティティ / Identity【COVER】,https://i.ytimg.com/vi/SqrwHmo_sGg/mqdefault.jpg,33623.0,32840.0,29252.0,29034.0,25993
699,ダーリンダンス / さくらみこ(cover),https://i.ytimg.com/vi/TXD4qJHN4ac/mqdefault.jpg,70431.0,67010.0,66032.0,68323.0,69418
700,僕は初音ミクとキスをした / 星街すいせい(cover),https://i.ytimg.com/vi/o9r6lFYK9SE/mqdefault.jpg,36459.0,27145.0,28047.0,29367.0,35382
701,創造 / 獅白ぼたん(cover),https://i.ytimg.com/vi/tNBq_N2C64A/mqdefault.jpg,19203.0,19001.0,17114.0,18699.0,17797
702,YONA YONA DANCE - 和田アキ子 / 猫又おかゆ(cover),https://i.ytimg.com/vi/CEvh8XRjvY4/mqdefault.jpg,107668.0,91719.0,84606.0,73715.0,70220
703,おねがいダーリン／博衣こより【歌ってみた】,https://i.ytimg.com/vi/ij10Puyh8qc/mqdefault.jpg,19159.0,15255.0,21541.0,20226.0,21732
704,ヒトリゴト // covered by 桃鈴ねね＆雪花ラミィ【歌ってみた】,https://i.ytimg.com/vi/03bbzlaPhvQ/mqdefault.jpg,49899.0,43152.0,39149.0,39098.0,38696
705,【3D MV】「UnAlive」- Calliope Mori (Original Song),https://i.ytimg.com/vi/HSC3BheJuhU/mqdefault.jpg,43414.0,42913.0,40573.0,39087.0,36727
706,点描の唄 /Cover 湊あくあ/猫又おかゆ【ホロライブ】,https://i.ytimg.com/vi/AUP3OI9Yhmc/mqdefault.jpg,79779.0,63516.0,63565.0,57698.0,64409
707,桜ノ雨 / 常闇トワ×さくらみこ×アキ・ローゼンタール×尾丸ポルカ×風真いろは(cover),https://i.ytimg.com/vi/D8pdSRs_C4o/mqdefault.jpg,48624.0,45162.0,38721.0,34299.0,37290
708,REFLECT - Gawr Gura,https://i.ytimg.com/vi/nCQ_zZIiGLA/mqdefault.jpg,229814.0,246742.0,253387.0,233141.0,216593
709,フクロウさん / 鷹嶺ルイ(cover),https://i.ytimg.com/vi/5t60NWXXkQI/mqdefault.jpg,74436.0,64307.0,67621.0,73150.0,73290
710,ねぇねぇねぇ。／Covered by紫咲シオン＆湊あくあ【歌ってみた】,https://img.youtube.com/vi/0oMT_6Zu4a4/sddefault.jpg,136560.0,117435.0,106118.0,104479.0,99121
711,沙花叉クロヱ MV - 「耀かし」,https://i.ytimg.com/vi/NmVGKfz0MEs/mqdefault.jpg,21976.0,19715.0,14456.0,16619.0,17531
712,【ORIGINAL SONG MV】Mantra Hujan - Kobo Kanaeru 【hololive Indonesia 3rd Gen】,https://i.ytimg.com/vi/SF-_47-oCtk/mqdefault.jpg,179141.0,173245.0,215241.0,237758.0,346577
713,【Cover】 残響散歌 「Zankyou Sanka」/ Vestia Zeta,https://i.ytimg.com/vi/wQ1_0oeXW6M/mqdefault.jpg,29613.0,26563.0,27089.0,23954.0,24513
714,【フルアニメーションMV】オーバーライト / AZKi【 #アニAZ 】,https://i.ytimg.com/vi/kVpUEVhrC0U/mqdefault.jpg,8838.0,8209.0,5516.0,4587.0,4631
715,"02. Street FITE (YUNG SH1N1GAM1 B01, Hayko)",https://i.ytimg.com/vi/lcBPKULc8vE/mqdefault.jpg,5006.0,3967.0,3023.0,3080.0,2907
716,01. C-MAN (YUNG SH1N1GAM1 B01),https://i.ytimg.com/vi/Kwq2AG0Dm0k/mqdefault.jpg,8373.0,7459.0,5852.0,5904.0,5923
717,U＆I / 猫又おかゆ × 戌神ころね(cover),https://i.ytimg.com/vi/Dr44J7r125Y/mqdefault.jpg,52540.0,47021.0,34575.0,30526.0,26574
718,03. My Reality (YUNG SH1N1GAM1 B01),https://i.ytimg.com/vi/Cs2Ns8u5Agg/mqdefault.jpg,4408.0,3330.0,2614.0,2440.0,2489
719,[MV] MONEY (Hand Me The Glock) YUNG SH1N1GAM1 B01,https://i.ytimg.com/vi/SccWdDlgQU0/mqdefault.jpg,5943.0,3595.0,2552.0,2705.0,2875
720,【COVER】Ookami Blues ~,https://i.ytimg.com/vi/NOrfhrL0D9k/mqdefault.jpg,7818.0,6650.0,5312.0,6081.0,5481
721,ロキ / AZKi × 桃鈴ねね (Cover),https://i.ytimg.com/vi/1IIX8hBvVuY/mqdefault.jpg,81977.0,70781.0,61721.0,41711.0,41490
722,アスノヨゾラ哨戒班 ／ Startend cover,https://i.ytimg.com/vi/XpgSrULHibg/mqdefault.jpg,575606.0,453572.0,395748.0,337063.0,343984
723,ギラギラ / 常闇トワ(cover),https://i.ytimg.com/vi/XXuMwJIAHsY/mqdefault.jpg,98223.0,69551.0,57726.0,52051.0,64907
724,ちょっとあざとい／天音かなた(cover),https://i.ytimg.com/vi/rmWKzc_Nmvs/mqdefault.jpg,44594.0,35726.0,22239.0,19163.0,18863
725,フォニイ // covered by 雪花ラミィ,https://i.ytimg.com/vi/t506FUrsOa4/mqdefault.jpg,125406.0,77172.0,59591.0,54828.0,51698
726,CINDERELLA (Giga First Night Remix) SONG COVER by Takanashi Kiara,https://i.ytimg.com/vi/J8nbk2sep1E/mqdefault.jpg,68798.0,50199.0,41473.0,35317.0,25630
727,Doggy god's street / 戌神ころね,https://i.ytimg.com/vi/wLNTAMY1NZA/mqdefault.jpg,386632.0,319256.0,311782.0,290247.0,246102
728,"【ORIGINAL 3DMV】 HI-15 - hololive Indonesia 1st Generation (Risu, Moona, Iofi)",https://i.ytimg.com/vi/XSZNNbbVuho/mqdefault.jpg,35364.0,31851.0,28928.0,31583.0,27820
729,Original Song - JOLLIE JOLLIE (Prod. KOTONOHOUSE),https://i.ytimg.com/vi/2ZqtRc3fa_s/mqdefault.jpg,31702.0,28623.0,21542.0,21182.0,23338
730,【MV】鬼灯日和 / いろはにほへっと あやふぶみ【楽曲好評配信中！】,https://i.ytimg.com/vi/AvOu9B5rsdA/mqdefault.jpg,60565.0,47596.0,36695.0,31166.0,30983
731,あざとく「バニー」歌ってみた / 夜空メル(cover),https://i.ytimg.com/vi/bNHyZrpiaII/mqdefault.jpg,55181.0,61337.0,45509.0,40204.0,32771
732,【歌ってみた/cover】ゆずれない願い【ときのそら】,https://i.ytimg.com/vi/4pjEF0tV4VE/mqdefault.jpg,44377.0,18091.0,10034.0,9631.0,9518
733,君色ハナミズキ／角巻わため【original】,https://i.ytimg.com/vi/i6ePlXqZa88/mqdefault.jpg,36755.0,22851.0,18478.0,16694.0,16186
734,オレンジ / とらドラED full covered by 桃鈴ねね Kiara,https://i.ytimg.com/vi/bg9M4KTNnHY/mqdefault.jpg,92447.0,55933.0,32250.0,21479.0,19298
735,アニマル / 博衣こより(cover)【ホロライブ/歌ってみた】,https://i.ytimg.com/vi/Xdh6iVRzv_k/mqdefault.jpg,49278.0,24251.0,17573.0,15619.0,14125
736,フォニイ／天音かなた(cover),https://i.ytimg.com/vi/3CQJ0gJ5AKE/mqdefault.jpg,163982.0,74402.0,45379.0,36008.0,34844
737,プロローグ - Uru / 鷹嶺ルイ(cover),https://i.ytimg.com/vi/r20vlEbFGyo/mqdefault.jpg,121966.0,61915.0,48628.0,43362.0,35593
738,【Cover】Beat Eater / calliope × reine × suisei,https://i.ytimg.com/vi/nbB3KsFRv4U/mqdefault.jpg,538420.0,383303.0,298118.0,259832.0,272566
739,フォニイ / 大神ミオ(Cover),https://i.ytimg.com/vi/x08ODvaQAqU/mqdefault.jpg,230088.0,61920.0,35137.0,30713.0,27326
740,回レ！雪月花  / AZKi × 白上フブキ × 宝鐘マリン (Cover),https://i.ytimg.com/vi/zWskZx7Lp2Q/mqdefault.jpg,485853.0,333686.0,237690.0,193354.0,164952
741,３人で「LUVORATORRRRRY!」歌ってみた☆RapArrange / 夜空メル＆天音かなた＆Mori Calliope(cover),https://i.ytimg.com/vi/wVsacQZTmiI/mqdefault.jpg,136971.0,188578.0,112413.0,88679.0,83952
742,【original animation MV】マリン出航！！【hololive/宝鐘マリン】,https://i.ytimg.com/vi/u_hUpHUTJwQ/mqdefault.jpg,2043691.0,416912.0,156431.0,98349.0,95781
743,BOY / 角巻わため(Cover),https://i.ytimg.com/vi/dL1lbe6D9_0/mqdefault.jpg,133615.0,45938.0,22631.0,17494.0,13502
744,[オリジナル曲] 中空の庭 - 天音かなた,https://i.ytimg.com/vi/WJQveddc_Q4/mqdefault.jpg,108973.0,21887.0,13942.0,11188.0,9374
745,LiFE  / ラプラス・ダークネス Cover  〖Osanzi〗,https://i.ytimg.com/vi/6UYDpa8Zt9I/mqdefault.jpg,204585.0,242364.0,111482.0,86014.0,78734
746,沙花叉クロヱ MV - 「Hurt you」,https://i.ytimg.com/vi/s7eDHROoBr4/mqdefault.jpg,93005.0,79022.0,37372.0,44142.0,58671
747,キメラ - 尾丸ポルカ(cover),https://i.ytimg.com/vi/BfdLsTfFtyY/mqdefault.jpg,0.0,132427.0,81833.0,83123.0,82171
748,革命デュアリズム / AZKi × 律可 (Cover),https://i.ytimg.com/vi/aWSaIdLUE0Y/mqdefault.jpg,0.0,146167.0,63381.0,40401.0,30697
749,【MV】Over Time / ORIO【天音かなた・常闇トワ】,https://i.ytimg.com/vi/5ArDbvfds9k/mqdefault.jpg,0.0,0.0,176265.0,40667.0,32903
750,INTERNET OVERDOSE - 尾丸ポルカ(cover),https://i.ytimg.com/vi/52ychNwwJ7Y/mqdefault.jpg,0.0,0.0,138855.0,123253.0,77923
751,【Original Song MV】 Let Me Stay Here - Ceres Fauna,https://i.ytimg.com/vi/0RMVJTLZOzQ/mqdefault.jpg,0.0,0.0,163215.0,208330.0,71033
752,うまぴょい伝説 /covered by【さくらみこ× 不知火フレア×周防パトラ 】,https://i.ytimg.com/vi/AaCFoBdpviw/mqdefault.jpg,0.0,0.0,0.0,155971.0,2016
753,酔いどれ知らず/Covered by紫咲シオン【歌ってみた】,https://i.ytimg.com/vi/TG1U0db4WD4/mqdefault.jpg,0.0,0.0,0.0,371356.0,150536
754,【プロセカ】トンデモワンダーズ VTuberが歌って踊ってみた【ホロライブ】,https://i.ytimg.com/vi/eCyIz4GUvs0/mqdefault.jpg,0.0,0.0,0.0,240770.0,277611
755,[ORIGINAL SONG] MERA MERA - Mori Calliope,https://i.ytimg.com/vi/DOzpsXZS-j0/mqdefault.jpg,0.0,0.0,0.0,916987.0,871435
756,テレキャスタービーボーイ(long ver.)/天音かなた(cover),https://i.ytimg.com/vi/ruTeLFjV894/mqdefault.jpg,0.0,0.0,0.0,456869.0,353719
757,偽物人間40号/沙花叉クロヱ(cover),https://i.ytimg.com/vi/dHGM8bZ0qfg/mqdefault.jpg,0.0,0.0,0.0,198559.0,279660
758,『ないない』  Ninomae Ina'nis (Cover),https://i.ytimg.com/vi/injd7gHrIGU/mqdefault.jpg,0.0,0.0,0.0,452164.0,487559
759,回る空うさぎ / 角巻わため×AZKi(Cover),https://i.ytimg.com/vi/Pk9MXaxaTjQ/mqdefault.jpg,0.0,0.0,0.0,135257.0,79875
760,ベテルギウス // covered by 猫又おかゆ&雪花ラミィ【歌ってみた】,https://i.ytimg.com/vi/f2QIaERaKDE/mqdefault.jpg,0.0,0.0,0.0,215910.0,246147
761,【MV】Till the end of me / IRyS【Original Song】,https://i.ytimg.com/vi/eM3QQXzOzVE/mqdefault.jpg,0.0,0.0,0.0,77368.0,226444
762,幽霊東京/ 星街すいせい(cover),https://i.ytimg.com/vi/tuZty35Fk7M/mqdefault.jpg,0.0,0.0,0.0,0.0,1527690
763,いにしえロマンティック / P丸様。 full covered by 桃鈴ねね 夜空メル,https://i.ytimg.com/vi/UPaKdvhRJOI/mqdefault.jpg,0.0,0.0,0.0,0.0,65535
764,【歌って踊ってみた】亡國覚醒カタルシス / ALI PROJECT  Cover Robocosan【ホロライブ】,https://i.ytimg.com/vi/ZFQMUC6fUxU/mqdefault.jpg,0.0,0.0,0.0,0.0,52126
765,ダイアモンド クレバス / 常闇トワ×AZKi(cover),https://i.ytimg.com/vi/7AQi222UFrA/mqdefault.jpg,0.0,0.0,0.0,0.0,277229
766,「Cover」Dilemma / ジレンマ - Nanashi Mumei,https://i.ytimg.com/vi/x_MPvKf0IDE/mqdefault.jpg,0.0,0.0,0.0,0.0,278510
767,ラプラス・ダークネス - 「合縁事変」 MV,https://i.ytimg.com/vi/9Kjuzcwqou8/mqdefault.jpg,0.0,0.0,0.0,0.0,219424
768,毒の王子さま / 猫又おかゆ,https://i.ytimg.com/vi/M8UmWCeIKyQ/mqdefault.jpg,0.0,0.0,0.0,0.0,143627
769,【歌ってみた】セカイはまだ始まってすらいない【ときのそら/cover】,https://i.ytimg.com/vi/EEl22esi01w/mqdefault.jpg,0.0,0.0,0.0,0.0,32503
770,Fever Night - Takanashi Kiara (Official Music Video),https://i.ytimg.com/vi/SF4rteXN57w/mqdefault.jpg,0.0,0.0,0.0,0.0,168169
