,title,thumbnail_url,sum
0,フブキCh。白上フブキ,https://yt3.ggpht.com/ytc/AKedOLQdiN_0b5mfCHcwmIbRZKvpwowneYzu9xL0oCBBMw=s240-c-k-c0x00ffffff-no-rj,2615760
1,アキロゼCh。Vtuber/ホロライブ所属,https://yt3.ggpht.com/ytc/AKedOLS57LOo-VajYzEWa_OfnI8CuAgXTXCrXxwcINVqOg=s240-c-k-c0x00ffffff-no-rj,875213
2,Watson Amelia Ch. hololive-EN,https://yt3.ggpht.com/IhrkWQ9jdq0-NqX6tuMIkzia560fo_jTg9qWYy223eGIDu3ZcJPRkl1hgY2ZuxLTvRyAdjRd0w=s240-c-k-c0x00ffffff-no-rj,154339
3,Watame Ch. 角巻わため,https://yt3.ggpht.com/yyc42nbIa5iEVfpBUf5nxUb02ljS-C2tOSYNUiKzBHrnYwYTUdOrIpUfc1EcPLJoG2C4AXOV9Q=s240-c-k-c0x00ffffff-no-rj,1357750
4,Vestia Zeta Ch. hololive-ID,https://yt3.ggpht.com/-IdVo-vK7pr0VRjJDdza1-t1Edjce1Rd1R1hon_3SRIzuQ-XVBTWOJj-UfwYPp8y40KM197_y4o=s240-c-k-c0x00ffffff-no-rj,131732
5,Tsukumo Sana Ch. hololive-EN,https://yt3.ggpht.com/zczPLp_sj4Qq3CyoGzfXifOdwE7aMHRpUdqbMD9UKvjddBG2NdMrCKElCMUOS6x85BMr2VGuAA=s240-c-k-c0x00ffffff-no-rj,168509
6,Towa Ch. 常闇トワ,https://yt3.ggpht.com/meRnxbRUm5yPSwq8Q5QpI5maFApm5QTGQV_LGblQFsoO0yAV4LI-nSZ70GYwMZ_tbfSa_O8MTCU=s240-c-k-c0x00ffffff-no-rj,5269777
7,Takanashi Kiara Ch. hololive-EN,https://yt3.ggpht.com/w7TKJYU7zmamFmf-WxfahCo_K7Bg2__Pk-CCBNnbewMG-77OZLqJO9MLvDAmH9nEkZH8OkWgSQ=s240-c-k-c0x00ffffff-no-rj,2244288
8,Suisei Channel,https://yt3.ggpht.com/ytc/AKedOLT7D-JlLZGTq6Y95nLxeXG2B-7WMGpFXZ7Qa4iY5w=s240-c-k-c0x00ffffff-no-rj-mo,14522210
9,Subaru Ch. 大空スバル,https://yt3.ggpht.com/ytc/AKedOLQ0Nsdn1Wqq6ZUtHEKrpDabcaXo3BwMqEFgSy-hhg=s240-c-k-c0x00ffffff-no-rj,1140335
10,SoraCh. ときのそらチャンネル,https://yt3.ggpht.com/ytc/AKedOLRo4fRoifdnGRyvGIOVxiumNdD5MXweEPHLO_SBrA=s240-c-k-c0x00ffffff-no-rj-mo,953253
11,Shion Ch. 紫咲シオン,https://yt3.ggpht.com/AyUL9W0ltc_aJr_MysuZBx8hRfb1SIVNREgU9kiOO-lqmdhYkEsllmhagertVIwHwa3UAAKy=s240-c-k-c0x00ffffff-no-rj,2438499
12,Rushia Ch. 潤羽るしあ,https://yt3.ggpht.com/ytc/AKedOLQaovVFnirFeL2U2lrynxoFT4oQVNVlcRwZ4SAATg=s240-c-k-c0x00ffffff-no-rj,703106
13,Roboco Ch. - ロボ子,https://yt3.ggpht.com/ytc/AKedOLT1nccfyEH7yPGHnNqO7C8Ak2jw3scnVdKfSnTe2g=s240-c-k-c0x00ffffff-no-rj,470498
14,Polka Ch. 尾丸ポルカ,https://yt3.ggpht.com/ytc/AKedOLSNfuszQyKT1RGn7SaYyefnhGiUZsTsWpmjWD9_vw=s240-c-k-c0x00ffffff-no-rj,2827108
15,Pekora Ch. 兎田ぺこら,https://yt3.ggpht.com/ytc/AKedOLQQK7jpsudTTDO1JA4mnwyUCCDY5YSzxQrmNEeb7Q=s240-c-k-c0x00ffffff-no-rj,1328714
16,Pavolia Reine Ch. hololive-ID,https://yt3.ggpht.com/sG7Yb1kCxTEP9ft03E-1Tr2Rho8GhMZ0_Kq9rf5MojWY9pf8vSL24xPG8e8GaE4jOxQKYlSvaL0=s240-c-k-c0x00ffffff-no-rj,2450641
17,Ouro Kronii Ch. hololive-EN,https://yt3.ggpht.com/ntCVYU9_M3j3G_lYEKTaBsIRmB2ZA1W6uu3n7bHCwaT2HvzqL1t5ABhGaZ3ucfm1yP3-9hFQuw=s240-c-k-c0x00ffffff-no-rj,324446
18,Okayu Ch. 猫又おかゆ,https://yt3.ggpht.com/ytc/AKedOLTBrp9cAeaFT4Yq9DVne54QYANyrhNv8Kd6NR7N7w=s240-c-k-c0x00ffffff-no-rj-mo,4628048
19,Noel Ch. 白銀ノエル,https://yt3.ggpht.com/ytc/AKedOLQW7DXGL_nPlEiuqvHzJBiSZKiS5VKqrxzvKHLL9A=s240-c-k-c0x00ffffff-no-rj,597919
20,Ninomae Ina'nis Ch. hololive-EN,https://yt3.ggpht.com/f4uYWHJxiGwyXm8NUlm818N1MRnywtgL6wM8JdWqWsKBzI7v1eg8dxDWG7igkWuukUSiufydqPg=s240-c-k-c0x00ffffff-no-rj,1897589
21,Nene Ch.桃鈴ねね,https://yt3.ggpht.com/bMBMxmB1YVDVazU-8KbB6JZqUHn4YzmFiQRWwEUHCeqm5REPW7HHQChC5xE6e36aqqnXgK4a=s240-c-k-c0x00ffffff-no-rj,2319474
22,Nanashi Mumei Ch. hololive-EN,https://yt3.ggpht.com/owZmjfnG_SGVmfkl3eS7Lv47pGvIr2SrS36imh6O8i0H3Wy41fYKD26U7wnyRB627fXoq0aQ0Q=s240-c-k-c0x00ffffff-no-rj,735307
23,Nakiri Ayame Ch. 百鬼あやめ,https://yt3.ggpht.com/XDGhKwPZcT16Ppg2gQmLHEIYRhw9sY4rqG0HWbeCH68LHkhlVQrrFgxd5hWUuMb2nLfDOhu6=s240-c-k-c0x00ffffff-no-rj,1941180
24,Mori Calliope Ch. hololive-EN,https://yt3.ggpht.com/8B_T08sx8R7XVi5Mwx_l9sjQm5FGWGspeujSvVDvd80Zyr-3VvVTRGVLOnBrqNRxZp6ZeXAV=s240-c-k-c0x00ffffff-no-nd-rj,12694345
25,Moona Hoshinova hololive-ID,https://yt3.ggpht.com/ytc/AKedOLRaHP1Qoi3zFxbQYdbX4MNnV18TrqjFBwDxgTlNqg=s240-c-k-c0x00ffffff-no-rj,1995200
26,Mio Channel 大神ミオ,https://yt3.ggpht.com/Z78RNXxUqpOGYKFt-VrJV7nlehOHzl7Ta-l1cgPx5Ewucmr5kY64iGxmPSe7QqIdM1ZhvPlEOg=s240-c-k-c0x00ffffff-no-rj,1687172
27,Miko Ch. さくらみこ,https://yt3.ggpht.com/ytc/AKedOLR4HgNRKHFFp8B_r3Tex0UA3a81s_2Rb9TkVf12BA=s240-c-k-c0x00ffffff-no-rj,2097484
28,Mel Channel 夜空メルチャンネル,https://yt3.ggpht.com/lj909MK0P40YuGurbNswbYSywUkDi_7cwpLDzSzRb4R82VKopTGw_zERnZZeFPgrSC6_N6bKbDU=s240-c-k-c0x00ffffff-no-rj,1783745
29,Matsuri Channel 夏色まつり,https://yt3.ggpht.com/wIqM7MWDN94PoibzPmeog7WOt8jFKTKZBOBFEbLBaiUAdKLwoqdLC_CN7B7Gby-FWH-076rN=s240-c-k-c0x00ffffff-no-rj,1001514
30,Marine Ch. 宝鐘マリン,https://yt3.ggpht.com/ytc/AKedOLSM7GhkxA3mNjSi4SWV62Hq7PjM2epq2Br1xGsZDw=s240-c-k-c0x00ffffff-no-rj,5690127
31,Luna Ch. 姫森ルーナ,https://yt3.ggpht.com/O7m_5HMY_O8yxR3Jhn9cEO1fLNL_GifMERExnAmfY7JrdTRsTjNijTcNYTPN97Llj3zGn8Susw=s240-c-k-c0x00ffffff-no-rj,255405
32,Lui ch. 鷹嶺ルイ - holoX -,https://yt3.ggpht.com/R_IzGiw1xDQp0y9zVvGkF9e8Gj8wtr2_551Ez3X6gOMIj3e6jra1I1suuK_jH9FqigBj8ywg=s240-c-k-c0x00ffffff-no-rj,1596741
33,Laplus ch. ラプラス・ダークネス - holoX -,https://yt3.ggpht.com/roGS60A8a_lDbVakIg1JU3u3hbtjHSTilMGHMizuPKh7tuoY2nl46raxuW2f_83IKFGMjL6Z=s240-c-k-c0x00ffffff-no-rj,2658266
34,Lamy Ch. 雪花ラミィ,https://yt3.ggpht.com/ytc/AKedOLQVpWb-K93rLNGFHHyhgg45VE7FVBwJQz67JqJvvQ=s240-c-k-c0x00ffffff-no-rj,1991782
35,Kureiji Ollie Ch. hololive-ID,https://yt3.ggpht.com/jWxru6sHDDSuKF-gztFg_WSoMp2da_d019iH0xz0MDWc7TIhetK8id_mVKV0PxWKp-QS23AzfQ=s240-c-k-c0x00ffffff-no-rj,652082
36,Koyori ch. 博衣こより - holoX -,https://yt3.ggpht.com/WO7ItKNmy6tW_NQ82g8c1y74CZSw6GsSdynsE5s2csuEok2fHRrAaGcBV3JJO-2BxEOXXA8lvw=s240-c-k-c0x00ffffff-no-rj,655186
37,Korone Ch. 戌神ころね,https://yt3.ggpht.com/ytc/AKedOLTGCZfOdpj8vnNV4hbPvxJrlbERhgBWnBrWKbS5WQ=s240-c-k-c0x00ffffff-no-rj,2413386
38,Kobo Kanaeru Ch. hololive-ID,https://yt3.ggpht.com/Zi6DMbqTrk8jpNKnJgbw_NxGnggsKX1omQnPeHxrZTmrVmon7zfmg5Q4XbqsHO9AMidW49zCPw=s240-c-k-c0x00ffffff-no-rj,1151962
39,Kanata Ch. 天音かなた,https://yt3.ggpht.com/TlH8nz5O9UYo5JZ_5fo4JfXdT18N0Ck27wWrulni-c1g5bwes0tVmFiSKICzI1SW7itaTkk9GA=s240-c-k-c0x00ffffff-no-rj,4836596
40,IRyS Ch. hololive-EN,https://yt3.ggpht.com/oC30wBZ04ibFN7AQVHAjdUX-3nS-h4DDjJBYVlsKt0OF6t1CZwrgzWlr3rS6Q12kXrw3-mt9gg=s240-c-k-c0x00ffffff-no-nd-rj,1003550
41,Iroha ch. 風真いろは - holoX -,https://yt3.ggpht.com/YK_UCAbw_pFBHSOw_LGWI-WCJDdvMP3y9mmODQ1IFEnNVvcf-M3-q22Db5TLWuAbfboMNFTMIg=s240-c-k-c0x00ffffff-no-rj,204096
43,Hakos Baelz Ch. hololive-EN,https://yt3.ggpht.com/7gFSRIM3_DhczV8AYjeP4EaS0OL-u_xLvIh9JhG9zJhPYEfVwsoUOK61L6eBlLjnPHN-EDvytQ=s240-c-k-c0x00ffffff-no-rj,940625
44,HAACHAMA Ch 赤井はあと,https://yt3.ggpht.com/B2tq3IQAFxUe9W3MaMc0V62bmlTWCSoTuCk-Y-Ab8yXkZKdIswQhHABZhz2e4YM1-B_Kxen_7w=s240-c-k-c0x00ffffff-no-rj,409666
45,Gawr Gura Ch. hololive-EN,https://yt3.ggpht.com/uMUat6yJL2_Sk6Wg2-yn0fSIqUr_D6aKVNVoWbgeZ8N-edT5QJAusk4PI8nmPgT_DxFDTyl8=s240-c-k-c0x00ffffff-no-rj,4822687
46,Flare Ch. 不知火フレア,https://yt3.ggpht.com/d9aIrGtZR0eI4k1Wnev5f_R4llIBsWnQOjkdsqkMycoAxA3g_zz-jyeBl8tEHfbm1iTg0SJj=s240-c-k-c0x00ffffff-no-rj,1341106
47,Coco Ch. 桐生ココ,https://yt3.ggpht.com/ytc/AKedOLRY5eMZEBBAlzBbf6TIWoCHOVjeA2Vi8_hnVLoJPA=s240-c-k-c0x00ffffff-no-rj,256090
48,Choco Ch. 癒月ちょこ,https://yt3.ggpht.com/ytc/AKedOLQQWlPXEl3Yt1ISaGW7m1dVtuzJ5P0wBjSg5zG41g=s240-c-k-c0x00ffffff-no-rj,293702
49,Chloe ch. 沙花叉クロヱ - holoX -,https://yt3.ggpht.com/_xNtPLKQcQxMTnOr4tAcGz0GEeESsi0bQX9mJEP3fx_50a8GUfUyOG1eyLIld2cCz6GvKABwpQ=s240-c-k-c0x00ffffff-no-rj,1138601
50,Ceres Fauna Ch. hololive-EN,https://yt3.ggpht.com/cBtserkb211p6If2OewgWd8oriIKRkfwTcP4_Vdq2YETG5TK9Q02v4cYmnLU03KBAJ0gcDha7oQ=s240-c-k-c0x00ffffff-no-rj,611087
51,Botan Ch.獅白ぼたん,https://yt3.ggpht.com/ytc/AKedOLQdkkvIUKvlsXj_XRJuQHxep4C61MQPhVjCuTE1=s240-c-k-c0x00ffffff-no-rj,1078636
52,AZKi Channel,https://yt3.ggpht.com/ytc/AKedOLRQRw-0zclxstcQV7QI-5AKt8YwC-MbWRvX8MYXqA=s240-c-k-c0x00ffffff-no-rj,3380071
53,Ayunda Risu Ch. hololive-ID,https://yt3.ggpht.com/ytc/AKedOLTjqfaFS9JlspGjiIah2kkxOtl4vRrxBCYKMEY5Kw=s240-c-k-c0x00ffffff-no-rj,763614
54,Aqua Ch. 湊あくあ,https://yt3.ggpht.com/ytc/AKedOLT8eMK0R-4YoVFyKUt3r6jqZA4uq9cHf1hyVv-Oyg=s240-c-k-c0x00ffffff-no-rj,6329886
55,Anya Melfissa Ch. hololive-ID,https://yt3.ggpht.com/ytc/AKedOLR0AplPQyxSjGhqMxJy7vAvXn-9hyaiXBoBE5vy=s240-c-k-c0x00ffffff-no-rj,441575
56,Airani Iofifteen Channel hololive-ID,https://yt3.ggpht.com/bF91weVtAIL7Uhnr2HVwtCTLVKK5kVsn4FC_Ze3Gl8rkSsEjDwyey3AbQ1PDfJQ1Oeac5cePeg=s240-c-k-c0x00ffffff-no-rj,517158
